date,ytm_green,ytm_conv,greenium,country,tenor,pair_id,sentiment,signaling_noise,vix,fx,cds,log_fx,log_vix,post,greenium_fd,sentiment_fd,signaling_noise_fd,log_vix_fd,log_fx_fd,cds_fd,post_stack,treated_unit,stack_id,sentiment_fd_z,signaling_noise_fd_z,log_vix_fd_z,cds_fd_z,log_fx_fd_z,sent_x_noise_stack,pair_stack,month_stack
2020-09-04,-0.4954035,-0.48181399999999996,-0.013589500000000032,Germany,10Y,Germany_10Y,-0.2003280948953811,0.2814443901380324,30.75,1.1838,11.83,0.16872960327448758,3.4258899942525267,1,-0.002838499999999966,-0.026768487766003185,-0.09391249146910308,-0.08863607271663199,-0.0009287795660697096,-0.009999999999999787,1,1,A_Germany,-0.3579828647254842,-1.4697013340004281,-1.0523876776793764,0.02220591944324486,-0.29203704364298594,0.526127893836339,Germany_10Y_A_Germany,2020-09_A_Germany
2020-09-07,-0.478794,-0.465313,-0.01348100000000002,Germany,10Y,Germany_10Y,-0.1602739292521924,0.3202586105052727,30.75,1.1817,11.84,0.16695407966283282,3.4258899942525267,1,0.00010850000000001137,0.0400541656431887,0.038814220367240304,0.0,-0.0017755236116547557,0.009999999999999787,1,1,A_Germany,0.5240540080263236,0.6211939024966919,0.035160165307953455,0.1328001064742994,-0.5254815873306998,0.3255391543649047,Germany_10Y_A_Germany,2020-09_A_Germany
2020-09-08,-0.5127900000000001,-0.49830599999999997,-0.014484000000000108,Germany,10Y,Germany_10Y,-0.1270739086201035,0.3350077417100685,31.46,1.1779,11.84,0.16373319198260172,3.4487168976301317,1,-0.0010030000000000872,0.03320002063208888,0.014749131204795762,0.022826903377604957,-0.0032208876802310993,0.0,1,1,A_Germany,0.43358156608425796,0.24208724341154053,0.31524195108111924,0.07750301295877214,-0.9239636991456011,0.1049645661273967,Germany_10Y_A_Germany,2020-09_A_Germany
2020-09-09,-0.4888035,-0.4653775,-0.023426000000000002,Germany,10Y,Germany_10Y,-0.129247222007469,0.3259199061851484,28.81,1.1802,11.84,0.16568391564093127,3.360722549096437,1,-0.008941999999999894,-0.002173313387365483,-0.009087835524920096,-0.08799434853369448,0.001950723658329545,0.0,1,1,A_Germany,-0.03333471642649942,-0.1334257147423419,-1.044513843363886,0.07750301295877214,0.501832508522255,0.00444770836493897,Germany_10Y_A_Germany,2020-09_A_Germany
2020-09-10,-0.454257,-0.43187549999999997,-0.022381500000000054,Germany,10Y,Germany_10Y,-0.143704359386224,0.3251417620369208,29.71,1.1813,10.59,0.1666155269723372,3.391483689474516,1,0.0010444999999999482,-0.014457137378755008,-0.0007781441482275775,0.030761140378078977,0.0009316113314059293,-1.25,1,1,A_Germany,-0.19547712092593603,-0.002519931905566901,0.41259353798188486,-6.8346336764822855,0.22086659755345708,0.0004925890338296255,Germany_10Y_A_Germany,2020-09_A_Germany
2020-09-11,-0.507011,-0.4815,-0.025511000000000006,Germany,10Y,Germany_10Y,-0.1296217226632837,0.2975215081769574,26.87,1.1845,10.59,0.16932074461670318,3.2910104226273997,1,-0.0031294999999999518,0.0140826367229403,-0.027620253859963417,-0.10047326684711644,0.002705217644365987,0.0,1,1,A_Germany,0.181238436050729,-0.425374069985959,-1.1976278101566697,0.07750301295877214,0.7098440147191545,-0.07709413118078856,Germany_10Y_A_Germany,2020-09_A_Germany
2020-09-14,-0.5089635,-0.485556,-0.023407500000000026,Germany,10Y,Germany_10Y,-0.144457280798655,0.2552250145270556,25.85,1.1868,10.59,0.17126060943452975,3.2523106009544382,1,0.0021034999999999804,-0.014835558135371296,-0.04229649364990179,-0.03869982167296149,0.0019398648178265698,0.0,1,1,A_Germany,-0.2004721494637326,-0.6565745528571774,-0.43967932491831035,0.07750301295877214,0.49883876197108407,0.13162491189446746,Germany_10Y_A_Germany,2020-09_A_Germany
2020-09-15,-0.5120625,-0.4835845,-0.028478000000000003,Germany,10Y,Germany_10Y,-0.0939828485820158,0.3216028257168206,25.59,1.1845,10.47,0.16932074461670318,3.2422016501716975,1,-0.005070499999999978,0.05047443221663919,0.06637781118976499,-0.010108950782740767,-0.0019398648178265698,-0.11999999999999922,1,1,A_Germany,0.6615980723933064,1.0554138116181926,-0.088874748262533,-0.5860621092275651,-0.5707899164342841,0.6982597433438684,Germany_10Y_A_Germany,2020-09_A_Germany
2020-09-16,-0.50638,-0.4839095,-0.02247050000000006,Germany,10Y,Germany_10Y,-0.0273231200819827,0.2943242435474005,26.04,1.1814,10.47,0.1667001758909978,3.2596338173403683,1,0.0060074999999999434,0.0666597285000331,-0.027278582169420085,0.017432167168670798,-0.0026205687257053745,0.0,1,1,A_Germany,0.8752386177776126,-0.41999158367013845,0.24904955843903098,0.07750301295877214,-0.7584577411916663,-0.3675928531696825,Germany_10Y_A_Germany,2020-09_A_Germany
2020-09-17,-0.529901,-0.50441,-0.02549099999999993,Germany,10Y,Germany_10Y,-0.170702546882321,0.363426373943955,26.46,1.1847,10.47,0.16948957797857644,3.2756341586868096,1,-0.0030204999999998705,-0.1433794268003383,0.0691021303965545,0.01600034134644135,0.002789402087578635,0.0,1,1,A_Germany,-1.897208602510214,1.0983310659776426,0.23148132649042613,0.07750301295877214,0.7330533883590983,-2.083763146776997,Germany_10Y_A_Germany,2020-09_A_Germany
2020-09-18,-0.516973,-0.488468,-0.028505000000000003,Germany,10Y,Germany_10Y,-0.0561616494374155,0.2796831537412456,25.83,1.1837,10.46,0.16864512597771084,3.251536607107749,1,-0.003014000000000072,0.1145408974449055,-0.08374322020270941,-0.02409755157906046,-0.0008444520008656087,-0.009999999999999787,1,1,A_Germany,1.5072541748555484,-1.3095008697881647,-0.26051223350045527,0.02220591944324486,-0.2687882117415279,-1.9737506529651831,Germany_10Y_A_Germany,2020-09_A_Germany
2020-09-21,-0.554772,-0.529335,-0.025437000000000043,Germany,10Y,Germany_10Y,-0.1711011919144439,0.3364804221658726,27.78,1.1769,10.6,0.16288386290147958,3.3243163373261977,1,0.0030679999999999596,-0.1149395424770284,0.05679726842462701,0.07277973021844852,-0.00576126307623126,0.1399999999999988,1,1,A_Germany,-1.5218115574939675,0.9044878152341037,0.9281536857374888,0.8516623221761639,-1.6243368263106142,-1.3764600108357272,Germany_10Y_A_Germany,2020-09_A_Germany
2020-09-22,-0.5365405000000001,-0.5110455,-0.025495000000000045,Germany,10Y,Germany_10Y,-0.1000355899874986,0.2666426261293118,26.86,1.1706,11.1,0.15751643787498354,3.2906381910950917,1,-5.8000000000002494e-05,0.07106560192694529,-0.06983779603656082,-0.03367814623110599,-0.005367425026496037,0.5,1,1,A_Germany,0.9333946864302135,-1.09044334362627,-0.37806431730812307,2.8423576887351953,-1.5157569735361265,-1.0178140227939558,Germany_10Y_A_Germany,2020-09_A_Germany
2020-09-23,-0.528482,-0.499989,-0.02849299999999999,Germany,10Y,Germany_10Y,-0.1172803960803369,0.2496206688933979,28.58,1.1659,11.1,0.1534933209571086,3.3527071725017215,1,-0.002997999999999945,-0.017244806092838294,-0.017021957235913876,0.06206898140662975,-0.004023116917874936,0.0,1,1,A_Germany,-0.23227342381713262,-0.258415003347341,0.796734824205655,0.07750301295877214,-1.14513565694226,0.06002293759320269,Germany_10Y_A_Germany,2020-09_A_Germany
2020-09-24,-0.5385655,-0.509026,-0.029539500000000052,Germany,10Y,Germany_10Y,-0.075994288039744,0.2182726837385765,28.51,1.1672,11.1,0.15460771822643884,3.3502549029245805,1,-0.0010465000000000613,0.04128610804059289,-0.0313479851548214,-0.002452269577140953,0.0011143972693302417,0.0,1,1,A_Germany,0.5403152392732002,-0.48409846313577526,0.005071281546493013,0.07750301295877214,0.271260078433254,-0.2615657769409949,Germany_10Y_A_Germany,2020-09_A_Germany
2020-09-25,-0.5599795000000001,-0.533558,-0.026421500000000098,Germany,10Y,Germany_10Y,-0.0647963965485273,0.2422876419441547,26.38,1.163,11.1,0.15100287353652742,3.2726061472891685,1,0.003117999999999954,0.011197891491216708,0.024014958205578196,-0.07764875563541196,-0.0036048446899114295,0.0,1,1,A_Germany,0.14316075530833033,0.388055400612866,-0.9175753758065239,0.07750301295877214,-1.029819381730996,0.05555430425321461,Germany_10Y_A_Germany,2020-09_A_Germany
2020-09-28,-0.5560375,-0.528544,-0.02749349999999995,Germany,10Y,Germany_10Y,-0.0052266685444799,0.2701331365719642,26.19,1.1664,11.1,0.15392208227225673,3.2653776585196206,1,-0.0010719999999998508,0.0595697280040474,0.027845494627809497,-0.007228488769547958,0.0029192087357293173,0.0,1,1,A_Germany,0.7816529616230522,0.4483993227040561,-0.05353202432134736,0.07750301295877214,0.7688406535936951,0.35049265858139617,Germany_10Y_A_Germany,2020-09_A_Germany
2020-09-29,-0.575716,-0.5492285,-0.026487499999999997,Germany,10Y,Germany_10Y,-0.068399399013494,0.3285434945045332,26.27,1.1742,10.97,0.16058706464794842,3.2684276036974484,1,0.0010059999999999514,-0.0631727304690141,0.05841035793256899,0.003049945177827862,0.006664982375691686,-0.129999999999999,1,1,A_Germany,-0.8385068001046297,0.9298994382716589,0.07258241561433343,-0.6413592027430923,1.8015381053180906,-0.7797270024042614,Germany_10Y_A_Germany,2020-09_A_Germany
2020-09-30,-0.556726,-0.5282629999999999,-0.028463000000000127,Germany,10Y,Germany_10Y,-0.0973678994291013,0.2498874797792937,26.37,1.1718,10.97,0.15854102812855117,3.2722270003651954,1,-0.00197550000000013,-0.028968500415607307,-0.07865601472523948,0.0037993966677469793,-0.0020460365193972485,0.0,1,1,A_Germany,-0.3870223023782894,-1.229360153931062,0.08177804360533121,0.07750301295877214,-0.6000611047643896,0.4757897972265278,Germany_10Y_A_Germany,2020-09_A_Germany
2020-10-01,-0.565203,-0.5377935,-0.027409499999999976,Germany,10Y,Germany_10Y,-0.0654679332255971,0.2980718984648728,26.7,1.1747,10.97,0.1610127958477033,3.2846635654062037,1,0.0010535000000001515,0.0318999662035042,0.0481844186855791,0.012436565041008318,0.0024717677191521403,0.0,1,1,A_Germany,0.4164212786054876,0.7688062614392208,0.18775446546112667,0.07750301295877214,0.645482639461035,0.3201472863884251,Germany_10Y_A_Germany,2020-10_A_Germany
2020-10-02,-0.564406,-0.534976,-0.029429999999999956,Germany,10Y,Germany_10Y,-0.0895055234810522,0.2603107985404264,27.63,1.1713,10.97,0.15811424309369193,3.318902138935325,1,-0.0020204999999999806,-0.0240375902554551,-0.03776109992444643,0.0342385735291213,-0.00289855275401138,0.0,1,1,A_Germany,-0.32193592290083956,-0.5851267409963181,0.455260984842254,0.07750301295877214,-0.8350970219503877,0.18837331737661017,Germany_10Y_A_Germany,2020-10_A_Germany
2020-10-05,-0.5468915000000001,-0.5153825000000001,-0.03150900000000001,Germany,10Y,Germany_10Y,-0.0604009562556805,0.3167883471918547,27.96,1.1781,10.97,0.16390297126993653,3.3307749173656096,1,-0.002079000000000053,0.0291045672253717,0.056477548651428344,0.011872778430284558,0.005788728176244595,0.0,1,1,A_Germany,0.3795229387914863,0.8994511459642486,0.18083691041152541,0.07750301295877214,1.5599577094346644,0.3413623422157217,Germany_10Y_A_Germany,2020-10_A_Germany
2020-10-06,-0.538049,-0.5095735,-0.028475499999999987,Germany,10Y,Germany_10Y,-0.0201518308132876,0.2894040732985624,29.48,1.1734,10.98,0.15990551750962245,3.383712067321136,1,0.0030335000000000223,0.040249125442392904,-0.027384273893292344,0.05293714995552623,-0.003997453760314074,0.009999999999999787,1,1,A_Germany,0.5266274127450704,-0.42165658628283154,0.684688979971088,0.1328001064742994,-1.1380604089524828,-0.2220559171010461,Germany_10Y_A_Germany,2020-10_A_Germany
2020-10-07,-0.527372,-0.499912,-0.02745999999999993,Germany,10Y,Germany_10Y,0.0309795915934647,0.414975747513482,28.06,1.176,10.97,0.16211884947643512,3.3343450746743146,1,0.001015500000000058,0.051131422406752294,0.1255716742149196,-0.049366992646821206,0.0022133319668126705,-0.009999999999999787,1,1,A_Germany,0.6702701251052429,1.987917634825756,-0.5705634946229697,0.02220591944324486,0.5742327539826032,1.332441801793578,Germany_10Y_A_Germany,2020-10_A_Germany
2020-10-08,-0.5547329999999999,-0.5212844999999999,-0.03344849999999999,Germany,10Y,Germany_10Y,-0.2328033398021524,0.270675252032583,26.36,1.1758,10.98,0.16194876698601748,3.2718477096343066,1,-0.005988500000000063,-0.2637829313956171,-0.14430049548089896,-0.062497365040008024,-0.000170082490417639,0.009999999999999787,1,1,A_Germany,-3.486494948433273,-2.263483053649819,-0.7316706797244953,0.1328001064742994,-0.08286675948654251,7.891622232414413,Germany_10Y_A_Germany,2020-10_A_Germany
2020-10-09,-0.5680835,-0.5365915,-0.031491999999999964,Germany,10Y,Germany_10Y,0.0111393069800683,0.2479233781705638,25.0,1.1824,10.6,0.16754627121180019,3.2188758248682006,1,0.0019565000000000277,0.2439426467822207,-0.022751873862019212,-0.05297188476610604,0.005597504225782701,-0.3800000000000008,1,1,A_Germany,3.215314368382651,-0.3486805965598201,-0.6147948389094432,-2.0237865406313134,1.507237896298104,-1.1211177320950239,Germany_10Y_A_Germany,2020-10_A_Germany
2020-10-12,-0.573401,-0.542877,-0.030523999999999996,Germany,10Y,Germany_10Y,-0.0458302596308018,0.3037510679686798,25.07,1.1813,11.1,0.1666155269723372,3.221671912170202,1,0.0009679999999999689,-0.0569695666108701,0.055827689798115976,0.0027960873020016486,-0.0009307442394629883,0.5,1,1,A_Germany,-0.7566270935760688,0.8892136680520273,0.06946762750585331,2.8423576887351953,-0.29257869762470656,-0.6728031532263207,Germany_10Y_A_Germany,2020-10_A_Germany
2020-10-13,-0.590363,-0.5609385,-0.029424499999999965,Germany,10Y,Germany_10Y,-0.0685990998322718,0.3041796573978792,26.07,1.1744,10.85,0.16075737887811417,3.2607852279454104,1,0.001099500000000031,-0.022768840201470006,0.000428589429199433,0.03911331577520816,-0.005858148094223026,-0.25,1,1,A_Germany,-0.3051888427891306,0.016490208960986023,0.5150731499389617,-1.3049243249294393,-1.6510477065738896,-0.005032627790154276,Germany_10Y_A_Germany,2020-10_A_Germany
2020-10-14,-0.608351,-0.5788800000000001,-0.029470999999999914,Germany,10Y,Germany_10Y,-0.0910339858825296,0.3450188190189949,26.4,1.1746,10.85,0.16092766410628212,3.2733640101522705,1,-4.649999999994936e-05,-0.0224348860502578,0.04083916162111567,0.01257878220686015,0.000170285228167949,0.0,1,1,A_Germany,-0.3007807587016289,0.6530935854115758,0.18949944317976278,0.07750301295877214,0.010971499153163778,-0.19643798412326086,Germany_10Y_A_Germany,2020-10_A_Germany
2020-10-15,-0.6469,-0.6163845,-0.03051550000000003,Germany,10Y,Germany_10Y,-0.0730530710128773,0.3092906288994044,26.97,1.1706,11.1,0.15751643787498354,3.2947251371516386,1,-0.0010445000000001148,0.01798091486965231,-0.0357281901195905,0.021361126999368096,-0.003411226231298581,0.25,1,1,A_Germany,0.23269441527662418,-0.5531015264152269,0.2972571522334808,1.4599303508469836,-0.9764394105861559,-0.12870363627779954,Germany_10Y_A_Germany,2020-10_A_Germany
2020-10-16,-0.6578965,-0.6274074999999999,-0.0304890000000001,Germany,10Y,Germany_10Y,-0.1245213366882734,0.3138489132783769,27.41,1.1718,11.1,0.15854102812855117,3.3109079103146946,1,2.6499999999929358e-05,-0.05146826567539611,0.004558284378972488,0.01618277316305594,0.001024590253567631,0.0,1,1,A_Germany,-0.6840117449535222,0.0815468910651404,0.2337197303656266,0.07750301295877214,0.24650058006539416,-0.05577903125300148,Germany_10Y_A_Germany,2020-10_A_Germany
2020-10-19,-0.659407,-0.6289145,-0.030492499999999922,Germany,10Y,Germany_10Y,-0.115710990942777,0.3078917631949413,29.18,1.1766,11.1,0.1626289234482186,3.3734835430946397,1,-3.499999999823089e-06,0.008810345745496412,-0.005957150083435558,0.06257563277994516,0.0040878953196674395,0.0,1,1,A_Germany,0.11164594295552825,-0.08410681588615489,0.802951340701792,0.07750301295877214,1.0910436944345485,-0.009390184768596765,Germany_10Y_A_Germany,2020-10_A_Germany
2020-10-20,-0.639553,-0.6090805,-0.030472500000000013,Germany,10Y,Germany_10Y,-0.0883400556594073,0.2960205562088789,29.35,1.1821,11.1,0.16729251777419415,3.3792925462741055,1,1.999999999990898e-05,0.0273709352833697,-0.011871206986062421,0.005809003179465755,0.004663594325975545,0.0,1,1,A_Germany,0.35663957187005624,-0.17727324210880344,0.10643553530242153,0.07750301295877214,1.2497620137776844,-0.06322265316970048,Germany_10Y_A_Germany,2020-10_A_Germany
2020-10-21,-0.629931,-0.5894794999999999,-0.040451500000000085,Germany,10Y,Germany_10Y,-0.0092803569233965,0.3281208353534469,28.65,1.1861,11.16,0.17067061405309297,3.3551534431607486,1,-0.009979000000000071,0.07905969873601079,0.03210027914456798,-0.024139103113356875,0.003378096278898818,0.0600000000000005,1,1,A_Germany,1.0389141142021945,0.515426589147464,-0.26102206296504976,0.4092855740519456,0.8953544373961708,0.535483958300396,Germany_10Y_A_Germany,2020-10_A_Germany
2020-10-22,-0.599058,-0.568607,-0.030451000000000006,Germany,10Y,Germany_10Y,-0.1229419545686565,0.286331744737074,28.11,1.1816,11.16,0.16686945223503297,3.3361253849184407,1,0.010000500000000079,-0.11366159764526,-0.04178909061637287,-0.01902805824230791,-0.003801161818060006,0.0,1,1,A_Germany,-1.504943109363662,-0.6485812365826209,-0.19831050936664965,0.07750301295877214,-1.0839433671758087,0.9760778628575784,Germany_10Y_A_Germany,2020-10_A_Germany
2020-10-23,-0.605057,-0.5716435,-0.033413499999999985,Germany,10Y,Germany_10Y,-0.1897065122605574,0.4127612533552186,27.55,1.1859,11.16,0.17050197998861244,3.3160025355989236,1,-0.002962499999999979,-0.0667645576919009,0.12642950861814461,-0.020122849319517133,0.003632527753579473,0.0,1,1,A_Germany,-0.8859177287269896,2.0014314320304827,-0.21174338875817136,0.07750301295877214,0.9655003567165472,-1.7731035884672515,Germany_10Y_A_Germany,2020-10_A_Germany
2020-10-26,-0.6066595,-0.5731459999999999,-0.033513500000000085,Germany,10Y,Germany_10Y,-0.0969499252391462,0.3338956437871984,32.46,1.1808,11.16,0.16619217486407106,3.480008562086445,1,-0.00010000000000010001,0.09275658702141121,-0.07886560956802025,0.1640060264875216,-0.004309805124541377,0.0,1,1,A_Germany,1.219708498940344,-1.2326619825705376,2.0474830816634078,0.07750301295877214,-1.2241746509981968,-1.503488296461939,Germany_10Y_A_Germany,2020-10_A_Germany
2020-10-27,-0.6506075,-0.6171485,-0.033459000000000017,Germany,10Y,Germany_10Y,-0.2427557346073372,0.3685178561284434,33.35,1.1795,11.16,0.16509061986559267,3.507057772361633,1,5.450000000006838e-05,-0.14580580936819101,0.03462221234124502,0.027049210275187807,-0.001101554998478388,0.0,1,1,A_Germany,-1.9292360480404436,0.555155578397178,0.3670488578873038,0.07750301295877214,-0.33967066113270034,-1.0710261541145782,Germany_10Y_A_Germany,2020-10_A_Germany
2020-10-28,-0.656973,-0.6235275,-0.03344550000000002,Germany,10Y,Germany_10Y,-0.1711939098367574,0.3420553017841277,40.28,1.1744,11.16,0.16075737887811417,3.6958550678503617,1,1.3499999999999623e-05,0.07156182477057982,-0.026462554344315714,0.1887972954887287,-0.004333240987478504,0.0,1,1,A_Germany,0.9399446634643072,-0.40713638166329846,2.351667261995692,0.07750301295877214,-1.2306358411982476,-0.3826856692465848,Germany_10Y_A_Germany,2020-10_A_Germany
2020-10-29,-0.6680835,-0.6325485,-0.035535000000000094,Germany,10Y,Germany_10Y,-0.1637143889738465,0.2841594031681711,37.59,1.1674,11.09,0.1547790537875536,3.6267380575760866,1,-0.0020895000000000774,0.007479520862910899,-0.057895898615956565,-0.06911701027427508,-0.005978325090560566,-0.07000000000000028,1,1,A_Germany,0.09407949568460099,-0.9023180138714982,-0.8128924743642933,-0.30957664164992865,-1.6841801085294217,-0.08488962369216135,Germany_10Y_A_Germany,2020-10_A_Germany
2020-10-30,-0.6618955,-0.6274725,-0.03442299999999998,Germany,10Y,Germany_10Y,-0.0970614379502686,0.3261995663100867,38.02,1.1647,11.1,0.15246354312646918,3.6381123370602833,1,0.001112000000000113,0.06665295102357789,0.042040163141915554,0.01137427948419667,-0.00231551066108443,0.009999999999999787,1,1,A_Germany,0.875149157335192,0.6720134269726522,0.17472042265509516,0.1328001064742994,-0.6743542378189451,0.5881119843330512,Germany_10Y_A_Germany,2020-10_A_Germany
2020-11-02,-0.665983,-0.63443,-0.03155299999999994,Germany,10Y,Germany_10Y,-0.126208315567496,0.345274049821849,37.13,1.164,11.1,0.15186234930924603,3.6144252681889886,1,0.002870000000000039,-0.02914687761722741,0.01907448351176233,-0.02368706887129468,-0.0006011938172231501,0.0,1,1,A_Germany,-0.38937682230619114,0.3102261915530391,-0.25547568833625933,0.07750301295877214,-0.2017227319488953,-0.12079488866307413,Germany_10Y_A_Germany,2020-11_A_Germany
2020-11-03,-0.655978,-0.6205555,-0.03542249999999991,Germany,10Y,Germany_10Y,-0.0797633287238721,0.3143063433688224,35.55,1.1711,11.1,0.15794347806595457,3.5709401562492498,1,-0.00386949999999997,0.046444986843623914,-0.0309677064530266,-0.04348511193973881,0.006081128756708548,0.0,1,1,A_Germany,0.6084107292632034,-0.47810778563670125,-0.4983939311524988,0.07750301295877214,1.6405715861266077,-0.2908859065256407,Germany_10Y_A_Germany,2020-11_A_Germany
2020-11-04,-0.6792005,-0.6427115,-0.036488999999999994,Germany,10Y,Germany_10Y,-0.1399302710305218,0.2691909318973063,29.57,1.1722,11.1,0.15888232506019173,3.3867603338643857,1,-0.0010665000000000813,-0.06016694230664971,-0.0451154114715161,-0.18417982238486408,0.000938846994237158,0.0,1,1,A_Germany,-0.798831392804482,-0.7009820557911594,-2.224691409984852,0.07750301295877214,0.22286144595743643,0.5599664719586009,Germany_10Y_A_Germany,2020-11_A_Germany
2020-11-05,-0.6736774999999999,-0.6372295,-0.036447999999999925,Germany,10Y,Germany_10Y,0.0065919146619368,0.2985866366462684,27.58,1.1821,11.09,0.16729251777419415,3.3170908723651555,1,4.100000000006876e-05,0.1465221856924586,0.02939570474896208,-0.06966946149923015,0.008410192714002424,-0.009999999999999787,1,1,A_Germany,1.9293965776677895,0.47282038243681157,-0.8196709463750783,0.02220591944324486,2.2826868458262526,0.9122580277251596,Germany_10Y_A_Germany,2020-11_A_Germany
2020-11-06,-0.6413275,-0.6176395,-0.023688000000000042,Germany,10Y,Germany_10Y,-0.0734476782451605,0.1733737047325996,24.86,1.1872,10.97,0.17159759343097897,3.213260086082565,1,0.012759999999999883,-0.0800395929070973,-0.12521293191366878,-0.10383078628259046,0.0043050756567848125,-0.11999999999999922,1,1,A_Germany,-1.0611437927861473,-1.9627892808072573,-1.238823938413745,-0.5860621092275651,1.1509195978562006,2.0828016618758074,Germany_10Y_A_Germany,2020-11_A_Germany
2020-11-09,-0.5261465000000001,-0.5023485000000001,-0.023797999999999986,Germany,10Y,Germany_10Y,-0.0149681643281389,0.1658474346545526,25.75,1.1813,10.96,0.1666155269723372,3.248434627109745,1,-0.00010999999999994348,0.05847951391702161,-0.007526270078047015,0.035174541027179984,-0.004982066458641771,-0.009999999999999787,1,1,A_Germany,0.7672624970890904,-0.10882577017073704,0.4667451289657669,0.02220591944324486,-1.4095148859797462,-0.08349793216884316,Germany_10Y_A_Germany,2020-11_A_Germany
2020-11-10,-0.5095255000000001,-0.48674649999999997,-0.022779000000000105,Germany,10Y,Germany_10Y,-0.0825943830119154,0.3642721517916857,24.8,1.1814,10.96,0.1667001758909978,3.2108436531709366,1,0.0010189999999998811,-0.06762621868377651,0.1984247171371331,-0.0375909739388085,8.464891866061253e-05,0.0,1,1,A_Germany,-0.8972913681721667,3.135599802965371,-0.4260739730054973,0.07750301295877214,-0.01263814924091175,-2.8135466372431743,Germany_10Y_A_Germany,2020-11_A_Germany
2020-11-11,-0.5259575000000001,-0.5041835,-0.02177400000000007,Germany,10Y,Germany_10Y,-0.1796493130700721,0.3037054960174626,23.45,1.1777,10.1,0.1635633838653657,3.1548704948922883,1,0.0010050000000000336,-0.09705493005815669,-0.0605666557742231,-0.05597315827864824,-0.003136792025632107,-0.8600000000000012,1,1,A_Germany,-1.2857406024583835,-0.9443914845602447,-0.6516198970910633,-4.678047029376682,-0.9007788042339195,1.214242476315056,Germany_10Y_A_Germany,2020-11_A_Germany
2020-11-12,-0.557761,-0.536914,-0.02084699999999995,Germany,10Y,Germany_10Y,-0.1022398582084588,0.2772133275267037,25.35,1.1804,10.11,0.1658533640866472,3.232778730037192,1,0.0009270000000001222,0.0774094548616133,-0.026492168490758916,0.07790823514490386,0.00228998022128149,0.009999999999999787,1,1,A_Germany,1.0171314421293256,-0.4076029047683639,0.9910794709124203,0.1328001064742994,0.5953644252145756,-0.41458573034314816,Germany_10Y_A_Germany,2020-11_A_Germany
2020-11-13,-0.5691225,-0.54636,-0.02276250000000002,Germany,10Y,Germany_10Y,-0.0413255711050177,0.4054948583868044,23.1,1.1832,10.1,0.168222632414453,3.139832617527748,1,-0.00191550000000007,0.060914287103441093,0.1282815308601007,-0.0929461125094444,0.002369268327805818,-0.009999999999999787,1,1,A_Germany,0.7994006960028436,2.030607054857389,-1.1052710505116559,0.02220591944324486,0.6172238949610037,1.6232686929612812,Germany_10Y_A_Germany,2020-11_A_Germany
2020-11-16,-0.569089,-0.5452545,-0.02383449999999998,Germany,10Y,Germany_10Y,0.0111228023087842,0.2012969423656474,22.45,1.1853,10.1,0.16999590710331772,3.1112906141882632,1,-0.0010719999999999619,0.0524483734138019,-0.20419791602115697,-0.028542003339484534,0.0017732746888647066,0.0,1,1,A_Germany,0.687653441818398,-3.207070290561968,-0.315044815745646,0.07750301295877214,0.4529104122635767,-2.2053529234584675,Germany_10Y_A_Germany,2020-11_A_Germany
2020-11-17,-0.5850770000000001,-0.56234,-0.022737000000000118,Germany,10Y,Germany_10Y,-0.0627596430918604,0.2886069910742185,22.71,1.1861,10.1,0.17067061405309297,3.122805356117467,1,0.0010974999999998625,-0.07388244540064459,0.08731004870857109,0.011514741929203876,0.0006747069497752556,0.0,1,1,A_Germany,-0.979871486845119,1.3851674468266375,0.17644387028094705,0.07750301295877214,0.15003890593419159,-1.3572860856514746,Germany_10Y_A_Germany,2020-11_A_Germany
2020-11-18,-0.5794515,-0.5586295,-0.020822000000000007,Germany,10Y,Germany_10Y,-0.0633588724302083,0.2692613775844383,23.84,1.1852,10.1,0.16991153671727316,3.171364842197149,1,0.001915000000000111,-0.000599229338347898,-0.0193456134897802,0.04855948607968186,-0.0007590773358198133,0.0,1,1,A_Germany,-0.012557328801047981,-0.2950204592141041,0.6309758724339493,0.07750301295877214,-0.24525069786348627,0.0037046689093876706,Germany_10Y_A_Germany,2020-11_A_Germany
2020-11-19,-0.592779,-0.56897,-0.02380899999999997,Germany,10Y,Germany_10Y,-0.0711028291654529,0.2540658260848517,23.11,1.1873,10.1,0.17168182168960952,3.1402654242862895,1,-0.002986999999999962,-0.007743956735244598,-0.015195551499586624,-0.03109941791085946,0.0017702849723363612,0.0,1,1,A_Germany,-0.10686536190522371,-0.22964292724327537,-0.3464238086937539,0.07750301295877214,0.4520861572666219,0.02454087452882758,Germany_10Y_A_Germany,2020-11_A_Germany
2020-11-20,-0.6108750000000001,-0.5871059999999999,-0.02376900000000015,Germany,10Y,Germany_10Y,-0.0603233444253711,0.2378602581050099,23.7,1.1853,10.22,0.16999590710331772,3.1654750481410856,1,3.999999999981796e-05,0.010779484740081793,-0.016205567979841767,0.02520962385479608,-0.0016859145862918035,0.120000000000001,1,1,A_Germany,0.13763792489856816,-0.24555410757864776,0.34447748054433636,0.7410681351451192,-0.5007766742637274,-0.03379755781744485,Germany_10Y_A_Germany,2020-11_A_Germany
2020-11-23,-0.604012,-0.5803145000000001,-0.023697499999999927,Germany,10Y,Germany_10Y,-0.0870637755670651,0.2406389015955348,22.66,1.184,10.22,0.16889853646181388,3.12060125559986,1,7.150000000022416e-05,-0.026740431141694,0.002778643490524896,-0.04487379254122548,-0.0010973706415038365,0.0,1,1,A_Germany,-0.3576125265856006,0.053511519700567244,-0.5154327794053252,0.07750301295877214,-0.3385170477005849,-0.019136389761554993,Germany_10Y_A_Germany,2020-11_A_Germany
2020-11-24,-0.591637,-0.5688690000000001,-0.0227679999999999,Germany,10Y,Germany_10Y,-0.0177704524536279,0.2306432742699198,21.64,1.1888,10.22,0.17294439498135772,3.074543453978281,1,0.0009295000000000275,0.0692933231134372,-0.009995627325615014,-0.04605780162157913,0.004045858519543838,0.0,1,1,A_Germany,0.9100011936166531,-0.14772651015528462,-0.5299603468160866,0.07750301295877214,1.0794542871347719,-0.13443130057013164,Germany_10Y_A_Germany,2020-11_A_Germany
2020-11-25,-0.5968249999999999,-0.5740624999999999,-0.02276250000000002,Germany,10Y,Germany_10Y,-0.1230517399166215,0.2741165699291333,21.25,1.1913,10.22,0.17504514782317845,3.056356895370426,1,5.4999999998806e-06,-0.10528128746299359,0.04347329565921351,-0.01818655860785512,0.0021007528418207355,0.0,1,1,A_Germany,-1.3943257930982829,0.6945901179207581,-0.1879854680570065,0.07750301295877214,0.5431950601251331,-0.9684849170480908,Germany_10Y_A_Germany,2020-11_A_Germany
2020-11-26,-0.6130645,-0.5882905,-0.024773999999999963,Germany,10Y,Germany_10Y,-0.0346420404579454,0.2943880284354774,21.25,1.1913,10.22,0.17504514782317845,3.056356895370426,1,-0.002011499999999944,0.08840969945867609,0.020271458506344098,0.0,0.0,0.0,1,1,A_Germany,1.1623310241405898,0.32908260168895176,0.035160165307953455,0.07750301295877214,-0.035975577231600046,0.38250291744796905,Germany_10Y_A_Germany,2020-11_A_Germany
2020-11-27,-0.6095695000000001,-0.586715,-0.02285450000000011,Germany,10Y,Germany_10Y,-0.0988393708392169,0.2561771231747398,20.84,1.1962,10.22,0.17914986562831953,3.0368742168851663,1,0.0019194999999998519,-0.0641973303812715,-0.038210905260737615,-0.01948267848525953,0.004104717805141073,0.0,1,1,A_Germany,-0.8520311792832779,-0.5922126984647883,-0.20388861373710238,0.07750301295877214,1.0956815982563253,0.5045836838594858,Germany_10Y_A_Germany,2020-11_A_Germany
2020-11-30,-0.5964085,-0.5726415,-0.023766999999999983,Germany,10Y,Germany_10Y,-0.0801965132369031,0.2670453275761639,20.57,1.1928,10.34,0.17630348446839167,3.0238337036648657,1,-0.0009124999999998717,0.018642857602313795,0.010868204401424109,-0.013040513220300642,-0.0028463811599278577,0.11999999999999922,1,1,A_Germany,0.2414318399083915,0.18094950215287525,-0.12484446474290538,0.7410681351451093,-0.8207134853459189,0.04368697123527612,Germany_10Y_A_Germany,2020-11_A_Germany
2020-12-01,-0.5515924999999999,-0.530821,-0.020771499999999943,Germany,10Y,Germany_10Y,-0.1847724055201015,0.3094113736299089,20.77,1.207,10.33,0.1881379421153945,3.033509637888021,1,0.00299550000000004,-0.10457589228319839,0.042366046053745,0.00967593422315538,0.011834457647002833,-0.009999999999999787,1,1,A_Germany,-1.3850148105691877,0.6771471865495502,0.1538820476156444,0.02220591944324486,3.2267454062827396,-0.9378588823063837,Germany_10Y_A_Germany,2020-12_A_Germany
2020-12-02,-0.544454,-0.5206375,-0.023816500000000018,Germany,10Y,Germany_10Y,-0.015162376102748,0.2355126303195209,21.17,1.2115,10.33,0.1918592612744434,3.0525850851467737,1,-0.0030450000000000754,0.16961002941735348,-0.07389874331038798,0.019075447258752654,0.003721319159048886,0.0,1,1,A_Germany,2.23414846102966,-1.1544170169964119,0.26921229424870546,0.07750301295877214,0.9899798546725986,-2.5791390019089846,Germany_10Y_A_Germany,2020-12_A_Germany
2020-12-03,-0.574371,-0.549539,-0.024831999999999965,Germany,10Y,Germany_10Y,-0.1342500851664343,0.2365233050235734,21.28,1.214,10.33,0.1939206926373065,3.0577676644734435,1,-0.001015499999999947,-0.1190877090636863,0.0010106747040525,0.005182579326669767,0.002061431362863103,0.0,1,1,A_Germany,-1.5765659812871116,0.02566002347372778,0.09874943314306611,0.07750301295877214,0.5323542579249261,-0.04045472008770795,Germany_10Y_A_Germany,2020-12_A_Germany
2020-12-04,-0.5684145,-0.5446305,-0.023784000000000027,Germany,10Y,Germany_10Y,-0.1067149720176142,0.2969793777661523,20.79,1.212,10.33,0.1922718876471227,3.0344721018699214,1,0.0010479999999999379,0.027535113148820095,0.06045607274257889,-0.023295562603522058,-0.0016488049901837998,0.0,1,1,A_Germany,0.3588066652677125,0.9621263750525192,-0.2506719805005867,0.07750301295877214,-0.4905456808779012,0.34521735619870686,Germany_10Y_A_Germany,2020-12_A_Germany
2020-12-07,-0.608623,-0.583868,-0.02475499999999997,Germany,10Y,Germany_10Y,-0.0695509654763856,0.2425486899375387,21.3,1.2108,10.59,0.1912812981654266,3.0587070727153796,1,-0.0009709999999999441,0.0371640065412286,-0.0544306878286136,0.024234970845458115,-0.0009905894816960858,0.2599999999999998,1,1,A_Germany,0.48590486599154487,-0.8477292078318545,0.3325186725164202,1.5152274443625111,-0.30907783374243786,-0.41191574712865575,Germany_10Y_A_Germany,2020-12_A_Germany
2020-12-08,-0.6385585,-0.614746,-0.023812500000000014,Germany,10Y,Germany_10Y,-0.047910057995243,0.2847378602866413,20.68,1.2101,10.83,0.19070300082186972,3.0291670496402285,1,0.0009424999999999573,0.021640907481142606,0.04218917034910258,-0.029540023075151023,-0.0005782973435568828,0.2400000000000002,1,1,A_Germany,0.28100510443117305,0.6743607951504705,-0.3272903290848128,1.4046332573314564,-0.1954102495937505,0.18949882566554688,Germany_10Y_A_Germany,2020-12_A_Germany
2020-12-09,-0.6314015,-0.606595,-0.024806499999999954,Germany,10Y,Germany_10Y,-0.0291784849486673,0.2776580742400221,22.27,1.2081,10.58,0.1890488775433811,3.1032404812692764,1,-0.0009939999999999394,0.0187315730465757,-0.007079786046619185,0.07407343162904789,-0.0016541232784886284,-0.25,1,1,A_Germany,0.24260285436276205,-0.10179213450261636,0.9440271572874417,-1.3049243249294393,-0.4920119154419277,-0.02469506238201292,Germany_10Y_A_Germany,2020-12_A_Germany
2020-12-10,-0.6241034999999999,-0.598382,-0.025721499999999953,Germany,10Y,Germany_10Y,-0.1420249554318162,0.2359617215742133,22.52,1.2136,10.58,0.19359114905218544,3.1144038032714896,1,-0.0009149999999999991,-0.1128464704831489,-0.04169635266580879,0.01116332200221315,0.004542271508804346,0.0,1,1,A_Germany,-1.4941837010450358,-0.6471202997719808,0.17213201426264882,0.07750301295877214,1.2163137127933301,0.9669166045346713,Germany_10Y_A_Germany,2020-12_A_Germany
2020-12-11,-0.66763,-0.6358375,-0.03179249999999989,Germany,10Y,Germany_10Y,-0.0048774916319471,0.3117540657005852,23.31,1.2111,10.58,0.19152903754486783,3.1488824530476656,1,-0.0060709999999999376,0.1371474637998691,0.07579234412637192,0.034478649776175985,-0.00206211150731761,0.0,1,1,A_Germany,1.8056533564816624,1.2037245909530165,0.45820667497308293,0.07750301295877214,-0.6044929259734321,2.1735093479338303,Germany_10Y_A_Germany,2020-12_A_Germany
2020-12-14,-0.6484315,-0.6216005,-0.02683100000000005,Germany,10Y,Germany_10Y,0.0621340323301725,0.3082734475991655,24.72,1.2143,10.57,0.19416777907763616,3.20761263258949,1,0.004961499999999841,0.0670115239621196,-0.0034806181014197524,0.058730179541824246,0.0026387415327683295,-0.009999999999999787,1,1,A_Germany,0.8798822012541162,-0.045093049534326,0.7557683569994658,0.02220591944324486,0.6915167697636538,-0.039676571685523666,Germany_10Y_A_Germany,2020-12_A_Germany
2020-12-15,-0.630634,-0.605781,-0.024853000000000014,Germany,10Y,Germany_10Y,0.0005776003232235,0.2555479825154719,22.89,1.2151,10.57,0.19482637793242907,3.1307001339644756,1,0.0019780000000000353,-0.061556432006949,-0.05272546508369358,-0.07691249862501426,0.0006585988547929134,0.0,1,1,A_Germany,-0.8171721962213702,-0.8208661742707117,-0.9085416415829625,0.07750301295877214,0.14559795721723534,0.6707890144326315,Germany_10Y_A_Germany,2020-12_A_Germany
2020-12-16,-0.5881259999999999,-0.5683175,-0.019808499999999896,Germany,10Y,Germany_10Y,-0.0750033657430664,0.2891952648291643,22.5,1.2197,10.45,0.19860492686705555,3.1135153092103742,1,0.005044500000000118,-0.0755809660662899,0.033647282313692406,-0.017184824754101324,0.00377854893462648,-0.120000000000001,1,1,A_Germany,-1.0022913965583127,0.5397971285243198,-0.1756943831915903,-0.586062109227575,1.0057579152503153,-0.5410340178068075,Germany_10Y_A_Germany,2020-12_A_Germany
2020-12-17,-0.608166,-0.5764039999999999,-0.03176200000000007,Germany,10Y,Germany_10Y,-0.069558284905453,0.2862757669731377,21.93,1.2266,10.45,0.20424611420974623,3.0878555624297968,1,-0.011953500000000172,0.0054450808376134,-0.002919497856026576,-0.025659746780577475,0.005641187342690673,0.0,1,1,A_Germany,0.06722556178398044,-0.03625350524092606,-0.2796800730680604,0.07750301295877214,1.5192811877113819,-0.0024371622564597338,Germany_10Y_A_Germany,2020-12_A_Germany
2020-12-18,-0.6033824999999999,-0.57257,-0.03081249999999991,Germany,10Y,Germany_10Y,-0.0310865019739197,0.1598443921365286,21.57,1.2255,10.45,0.20334892398603024,3.071303460401065,1,0.0009495000000001586,0.038471782931533305,-0.12643137483660913,-0.016552102028731586,-0.0008971902237159823,0.0,1,1,A_Germany,0.5031670808051268,-1.981983883523408,-0.16793099505745196,0.07750301295877214,-0.2833279660302044,-0.9972690448752818,Germany_10Y_A_Germany,2020-12_A_Germany
2020-12-21,-0.6158925,-0.58706,-0.028832499999999928,Germany,10Y,Germany_10Y,-0.0774430758770307,0.2595125444040783,25.16,1.2242,10.58,0.20228756943483236,3.22525543183224,1,0.0019799999999999818,-0.046356573903111,0.09966815226754969,0.15395197143117478,-0.0010613545511978795,0.13000000000000078,1,1,A_Germany,-0.6165391081264832,1.5798494328873445,1.9241217282699368,0.7963652286606464,-0.3285875302617225,-0.9740389603264936,Germany_10Y_A_Germany,2020-12_A_Germany
2020-12-22,-0.6157755,-0.5870314999999999,-0.028744000000000103,Germany,10Y,Germany_10Y,-0.0775150938615633,0.2518962822280573,24.23,1.2161,10.58,0.19564901700481677,3.1875915348284343,1,8.849999999982483e-05,-7.201798453260189e-05,-0.00761626217602096,-0.03766389700380568,-0.0066385524300155985,0.0,1,1,A_Germany,-0.005598313705509674,-0.11024345050329977,-0.42696872521654405,0.07750301295877214,-1.8662026108344032,0.0006171774198953005,Germany_10Y_A_Germany,2020-12_A_Germany
2020-12-23,-0.569392,-0.542626,-0.026765999999999956,Germany,10Y,Germany_10Y,-0.0695378651555964,0.3298528015671276,23.31,1.2185,10.57,0.1976205940831238,3.1488824530476656,1,0.0019780000000001463,0.007977228705966899,0.07795651933907027,-0.038709081780768706,0.0019715770783070297,-0.009999999999999787,1,1,A_Germany,0.10064907421876879,1.2378176802834873,-0.4397929446891656,0.02220591944324486,0.5075817277064402,0.12458520357215692,Germany_10Y_A_Germany,2020-12_A_Germany
2020-12-24,-0.5695535,-0.54278,-0.026773500000000006,Germany,10Y,Germany_10Y,-0.1471467369917627,0.2803446388785846,21.53,1.2186,10.58,0.19770265883225688,3.0694473113762717,1,-7.500000000049134e-06,-0.0776088718361663,-0.04950816268854302,-0.07943514167139387,8.20647491330817e-05,0.009999999999999787,1,1,A_Germany,-1.0290590804535331,-0.7701827650359094,-0.9394939944978761,0.1328001064742994,-0.013350596265855769,0.7925635679690125,Germany_10Y_A_Germany,2020-12_A_Germany
2020-12-25,-0.5795185,-0.552774,-0.02674450000000006,Germany,10Y,Germany_10Y,-0.0261393759251189,0.3717692468925981,21.53,1.2204,10.57,0.19917867386037746,3.0694473113762717,1,2.8999999999945736e-05,0.1210073610666438,0.09142460801401353,0.0,0.0014760150281205864,-0.009999999999999787,1,1,A_Germany,1.5926093509775547,1.449985691270472,0.035160165307953455,0.02220591944324486,0.3709569031471008,2.3092607707010075,Germany_10Y_A_Germany,2020-12_A_Germany
2020-12-28,-0.5877870000000001,-0.557142,-0.030645000000000033,Germany,10Y,Germany_10Y,-0.118175075765319,0.2413581659550319,21.7,1.2214,10.57,0.19999774180689736,3.077312260546414,1,-0.0039004999999999734,-0.09203569984020009,-0.1304110809375662,0.007864949170142133,0.0008190679465198969,0.0,1,1,A_Germany,-1.2194884274967286,-2.044677733269418,0.13166160363925775,0.07750301295877214,0.18983875712543508,2.493460833682298,Germany_10Y_A_Germany,2020-12_A_Germany
2020-12-29,-0.610087,-0.575304,-0.03478300000000001,Germany,10Y,Germany_10Y,-0.1254323821291793,0.282447900622659,23.08,1.2247,10.57,0.20269591604510453,3.138966441639899,1,-0.004137999999999975,-0.007257306363860294,0.04108973466762711,0.06165418109348497,0.002698174238207174,0.0,1,1,A_Germany,-0.1004417383314811,0.6570409595467186,0.7916453028403156,0.07750301295877214,0.707902170846352,-0.06599433613185676,Germany_10Y_A_Germany,2020-12_A_Germany
2020-12-30,-0.607758,-0.5799695,-0.027788499999999994,Germany,10Y,Germany_10Y,-0.1061029383350116,0.2797789495550576,22.77,1.2295,10.45,0.20660758267411022,3.125443880075648,1,0.006994500000000015,0.01932944379416769,-0.0026689510676013994,-0.01352256156425069,0.003911666629005689,-0.120000000000001,1,1,A_Germany,0.2504945500319928,-0.03230654475957398,-0.13075910672342847,-0.586062109227575,1.0424580250215552,-0.008092613392637919,Germany_10Y_A_Germany,2020-12_A_Germany
2020-12-31,-0.6079304999999999,-0.5801345,-0.027795999999999932,Germany,10Y,Germany_10Y,-0.0179550309939987,0.2420707568034473,22.75,1.2213,10.45,0.19991586519490584,3.1245651453969594,1,-7.499999999938112e-06,0.0881479073410129,-0.0377081927516103,-0.0008787346786887085,-0.006691717479204384,0.0,1,1,A_Germany,1.158875454973638,-0.584293273835646,0.024378257050112234,0.07750301295877214,-1.8808600397383595,-0.6771231335543207,Germany_10Y_A_Germany,2020-12_A_Germany
2021-01-01,-0.6079304999999999,-0.5801345,-0.027795999999999932,Germany,10Y,Germany_10Y,-0.1467168531410659,0.1906803583242076,22.75,1.2212,10.45,0.19983398187858578,3.1245651453969594,1,0.0,-0.1287618221470672,-0.05139039847923971,0.0,-8.18833163200583e-05,0.0,1,1,A_Germany,-1.7042610669410865,-0.7998343535841496,0.035160165307953455,0.07750301295877214,-0.05855053776854171,1.363126548815457,Germany_10Y_A_Germany,2021-01_A_Germany
2021-01-04,-0.6395705,-0.5987795,-0.04079100000000002,Germany,10Y,Germany_10Y,0.0156918689128617,0.2773944905037404,26.97,1.2248,10.46,0.20277756536133704,3.2947251371516386,1,-0.01299500000000009,0.1624087220539276,0.08671413217953278,0.17015999175467922,0.0029435834827512553,0.010000000000001563,1,1,A_Germany,2.139093591124015,1.3757797432161354,2.1229910712097495,0.13280010647430923,0.7755606910426839,2.942921631511878,Germany_10Y_A_Germany,2021-01_A_Germany
2021-01-05,-0.617155,-0.5853585,-0.031796500000000005,Germany,10Y,Germany_10Y,-0.078348730586689,0.2420274080645442,25.34,1.2294,10.45,0.20652624549077206,3.232384174892993,1,0.008994500000000016,-0.0940405994995507,-0.035367082439196174,-0.062340962258645494,0.0037486801294350225,-0.010000000000001563,1,1,A_Germany,-1.24595243835972,-0.5474128574325281,-0.7297516471873495,0.022205919443235037,0.9975231840646955,0.6820503845075202,Germany_10Y_A_Germany,2021-01_A_Germany
2021-01-06,-0.5863565,-0.5524815,-0.03387499999999999,Germany,10Y,Germany_10Y,0.0217753396755319,0.2937635475268852,25.07,1.2325,10.45,0.20904462693470807,3.221671912170202,1,-0.002078499999999983,0.1001240702622209,0.05173613946234101,-0.01071226272279091,0.002518381443936013,0.0,1,1,A_Germany,1.316956835338809,0.8247578928083169,-0.09627727162508849,0.07750301295877214,0.6583338898105279,1.0861705444335457,Germany_10Y_A_Germany,2021-01_A_Germany
2021-01-07,-0.5821545,-0.547348,-0.034806500000000073,Germany,10Y,Germany_10Y,-0.091938860033157,0.2908461231155729,22.37,1.227,10.58,0.20457216572877446,3.107720775502038,1,-0.000931500000000085,-0.1137141997086889,-0.0029174244113123193,-0.11395113666816403,-0.004472461205933614,0.13000000000000078,1,1,A_Germany,-1.5056374391629146,-0.036220841464236375,-1.362998722954275,0.7963652286606464,-1.2690183967518582,0.05453545498653877,Germany_10Y_A_Germany,2021-01_A_Germany
2021-01-08,-0.5860449999999999,-0.551242,-0.03480299999999992,Germany,10Y,Germany_10Y,-0.0617652964011089,0.2482912260506152,21.56,1.2218,10.58,0.20032518123352952,3.070839746040796,1,3.500000000156156e-06,0.030173563632048102,-0.042554897064957686,-0.036881029461242054,-0.004246984495244938,0.0,1,1,A_Germany,0.3936333369786686,-0.6606452818171562,-0.41736308858165166,0.07750301295877214,-1.2068552104698025,-0.26005200684090013,Germany_10Y_A_Germany,2021-01_A_Germany
2021-01-11,-0.5621659999999999,-0.528349,-0.033816999999999986,Germany,10Y,Germany_10Y,-0.0939878921835818,0.2641551348827796,24.08,1.2149,10.58,0.19466176887855946,3.1813816204406202,1,0.0009859999999999314,-0.032222595782472906,0.015863908832164375,0.1105418743998241,-0.00566341235497006,0.0,1,1,A_Germany,-0.4299752824620084,0.25964876662393394,1.391488050543178,0.07750301295877214,-1.5973597048375583,-0.1116425517700381,Germany_10Y_A_Germany,2021-01_A_Germany
2021-01-12,-0.532987,-0.497174,-0.035812999999999984,Germany,10Y,Germany_10Y,-0.0447512773346813,0.2750140962610448,23.33,1.2207,10.58,0.19942446469361683,3.1497400860333387,1,-0.0019959999999999978,0.0492366148489005,0.010858961378265197,-0.03164153440728157,0.004762695815057366,0.0,1,1,A_Germany,0.6452592934856145,0.18080389323341653,-0.3530754755406885,0.07750301295877214,1.27708396781811,0.11666539240724283,Germany_10Y_A_Germany,2021-01_A_Germany
2021-01-13,-0.590272,-0.5544695,-0.03580250000000007,Germany,10Y,Germany_10Y,-0.080627111716169,0.3433920515648969,22.21,1.2157,10.58,0.19532004257961122,3.100542637906336,1,1.0499999999913356e-05,-0.0358758343814877,0.0683779553038521,-0.04919744812700255,-0.004104422114005607,0.0,1,1,A_Germany,-0.4781968208908903,1.0869228555972912,-0.5684832154412806,0.07750301295877214,-1.1675512316476604,-0.5197630541002728,Germany_10Y_A_Germany,2021-01_A_Germany
2021-01-14,-0.6187005000000001,-0.5839559999999999,-0.03474450000000018,Germany,10Y,Germany_10Y,-0.072750338971919,0.22937260345242,23.25,1.2156,10.58,0.19523778206050096,3.1463051320333655,1,0.0010579999999998924,0.007876772744249999,-0.11401944811247688,0.045762494127029374,-8.226051911025545e-05,0.0,1,1,A_Germany,0.09932308882606869,-1.7864540003207021,0.5966573103437164,0.07750301295877214,-0.05865453133506802,-0.17743612935753883,Germany_10Y_A_Germany,2021-01_A_Germany
2021-01-15,-0.6088899999999999,-0.5731155,-0.03577449999999993,Germany,10Y,Germany_10Y,-0.0950225580202624,0.296069280642553,24.34,1.2078,10.71,0.18880052289166374,3.1921210875593813,1,-0.0010299999999997533,-0.022272219048343395,0.066696677190133,0.045815955526015806,-0.006437259168837223,0.13000000000000078,1,1,A_Germany,-0.29863360820178425,1.060437031074367,0.597313271594805,0.7963652286606464,-1.810706721907626,-0.3166821368605258,Germany_10Y_A_Germany,2021-01_A_Germany
2021-01-18,-0.589446,-0.5536845,-0.0357615,Germany,10Y,Germany_10Y,-0.1931458270608543,0.2463945911244816,24.34,1.2076,10.7,0.1886349188505467,3.1921210875593813,1,1.2999999999929734e-05,-0.09812326904059192,-0.04967468951807141,0.0,-0.00016560404111704008,-0.010000000000001563,1,1,A_Germany,-1.2998423228635239,-0.7728061266018857,0.035160165307953455,0.022205919443235037,-0.08163206576905138,1.0045261107253576,Germany_10Y_A_Germany,2021-01_A_Germany
2021-01-19,-0.5948180000000001,-0.5589685,-0.03584950000000009,Germany,10Y,Germany_10Y,-0.1417596913019726,0.3428990428253224,23.24,1.2128,10.71,0.19293173590597024,3.1458749319837103,1,-8.800000000008801e-05,0.05138613575888171,0.09650445170084082,-0.04624615557567102,0.004296817055423535,0.010000000000001563,1,1,A_Germany,0.6736322569138169,1.5300104339916942,-0.5322714141977118,0.13280010647430923,1.1486427286696566,1.0306643817515135,Germany_10Y_A_Germany,2021-01_A_Germany
2021-01-20,-0.5988175,-0.5600155,-0.038802,Germany,10Y,Germany_10Y,-0.0759152824947892,0.2868074819386894,21.58,1.2104,10.7,0.19095088349200903,3.0717669598299886,1,-0.0029524999999999135,0.06584440880718341,-0.05609156088663303,-0.07410797215372167,-0.001980852413961204,-0.010000000000001563,1,1,A_Germany,0.8644766681170626,-0.873893583618706,-0.8741306323744871,0.022205919443235037,-0.5820900616510064,-0.7554606134555786,Germany_10Y_A_Germany,2021-01_A_Germany
2021-01-21,-0.5592619999999999,-0.5235295,-0.035732499999999945,Germany,10Y,Germany_10Y,-0.1018229926069893,0.3381487491682934,21.32,1.2162,10.58,0.19573124370387227,3.0596455992976437,1,0.0030695000000000583,-0.025907710112200097,0.051341267229604026,-0.012121360532344916,0.004780360211863233,-0.11999999999999922,1,1,A_Germany,-0.34662088505003064,0.818537317770846,-0.11356663515812636,-0.5860621092275651,1.281953983820425,-0.2837221295322088,Germany_10Y_A_Germany,2021-01_A_Germany
2021-01-22,-0.58603,-0.5451515,-0.04087850000000004,Germany,10Y,Germany_10Y,-0.1398824384772692,0.2714357617964794,21.91,1.2167,10.58,0.19614227581126625,3.086943153607375,1,-0.005146000000000095,-0.0380594458702799,-0.06671298737181403,0.027297554309731353,0.0004110321073939882,0.0,1,1,A_Germany,-0.5070197686580955,-1.0412170239074465,0.37009599220642087,0.07750301295877214,0.07734462059192461,0.5279176145844242,Germany_10Y_A_Germany,2021-01_A_Germany
2021-01-25,-0.6195085,-0.5807329999999999,-0.038775500000000074,Germany,10Y,Germany_10Y,-0.1560260631592878,0.2057970423121683,23.19,1.2137,10.58,0.19367354513017876,3.1437211512674406,1,0.002102999999999966,-0.016143624682018604,-0.06563871948431108,0.05677799766006553,-0.0024687306810874943,0.0,1,1,A_Germany,-0.21773819424484783,-1.024293666298231,0.7318154546476984,0.07750301295877214,-0.7165964925356275,0.22302785327621155,Germany_10Y_A_Germany,2021-01_A_Germany
2021-01-26,-0.6026965,-0.5618654999999999,-0.04083100000000006,Germany,10Y,Germany_10Y,-0.0290860026331096,0.3099577962986918,23.02,1.216,10.83,0.19556678354397525,3.1363634032937364,1,-0.002055499999999988,0.1269400605261782,0.1041607539865235,-0.007357747973704143,0.0018932384137964886,0.25,1,1,A_Germany,1.6709190171056025,1.6506231257161375,-0.055118010301522,1.4599303508469836,0.48598401599518454,2.758057570833386,Germany_10Y_A_Germany,2021-01_A_Germany
2021-01-27,-0.6169184999999999,-0.5800805,-0.036837999999999926,Germany,10Y,Germany_10Y,-0.1068410598258415,0.3078277341725047,37.21,1.2108,10.83,0.1912812981654266,3.6165775423585313,1,0.003993000000000135,-0.0777550571927319,-0.0021300621261871044,0.48021413906479493,-0.004285485378548642,0.0,1,1,A_Germany,-1.0309886786985722,-0.023817218797868096,5.927296798906087,0.07750301295877214,-1.2174697771517533,0.024555282938688826,Germany_10Y_A_Germany,2021-01_A_Germany
2021-01-28,-0.6148935,-0.5790985,-0.03579500000000002,Germany,10Y,Germany_10Y,-0.120056656839273,0.2871196754669553,30.21,1.2121,10.83,0.19235439249432926,3.4081729953985804,1,0.0010429999999999051,-0.013215597013431502,-0.02070805870554937,-0.20840454695995092,0.0010730943289026518,0.0,1,1,A_Germany,-0.17908919968432835,-0.3164835857560516,-2.5219241973943767,0.07750301295877214,0.259872993833896,0.05667879208627778,Germany_10Y_A_Germany,2021-01_A_Germany
2021-01-29,-0.586614,-0.5488195,-0.03779449999999995,Germany,10Y,Germany_10Y,-0.036973209130474,0.275208925911477,33.09,1.2136,10.89,0.19359114905218544,3.499231121933521,1,-0.001999499999999932,0.083083447708799,-0.011910749555478328,0.09105812653494061,0.0012367565578561834,0.0600000000000005,1,1,A_Germany,1.0920262667377028,-0.17789617150173923,1.1524261504124542,0.4092855740519456,0.3049941311553559,-0.1942672920319744,Germany_10Y_A_Germany,2021-01_A_Germany
2021-02-01,-0.5827365,-0.547987,-0.03474949999999999,Germany,10Y,Germany_10Y,-0.0926306017455763,0.3101196509565598,30.24,1.2059,10.89,0.18722617612740977,3.4091655513113324,1,0.0030449999999999644,-0.0556573926151023,0.0349107250450828,-0.09006557062218867,-0.006364972924775669,0.0,1,1,A_Germany,-0.7393068318282158,0.5597006306310279,-1.0699273465308299,0.07750301295877214,-1.7907776425738722,-0.4137905000040797,Germany_10Y_A_Germany,2021-02_A_Germany
2021-02-02,-0.554928,-0.5150945,-0.039833499999999966,Germany,10Y,Germany_10Y,-0.0028593583740884,0.3143456579589845,25.56,1.2042,10.88,0.18581544604821035,3.241028629509334,1,-0.005083999999999977,0.0897712433714879,0.004226007002424703,-0.16813692180199835,-0.0014107300791994237,-0.009999999999999787,1,1,A_Germany,1.1803029524268973,0.07631239701185455,-2.0278480550233238,0.02220591944324486,-0.4249092122803093,0.09007174749986546,Germany_10Y_A_Germany,2021-02_A_Germany
2021-02-03,-0.536054,-0.49722449999999996,-0.03882950000000007,Germany,10Y,Germany_10Y,-0.05334741213731,0.3360583171425043,22.91,1.2034,10.88,0.18515088380411435,3.1315734964654043,1,0.0010039999999998939,-0.0504880537632216,0.021712659183519778,-0.10945513304392973,-0.0006645622440960008,0.0,1,1,A_Germany,-0.6710732726609876,0.35178639348075535,-1.3078336090933387,0.07750301295877214,-0.21919319846433433,-0.2360744463507364,Germany_10Y_A_Germany,2021-02_A_Germany
2021-02-04,-0.525584,-0.486777,-0.038807000000000036,Germany,10Y,Germany_10Y,-0.0286096698506792,0.2984398466523118,21.77,1.1962,10.89,0.17914986562831953,3.080532875246456,1,2.250000000003638e-05,0.0247377422866308,-0.03761847049019246,-0.05104062121894826,-0.00600101817579482,0.009999999999999787,1,1,A_Germany,0.3218822972378571,-0.582879844342737,-0.5910986005656454,0.1328001064742994,-1.6904365173639433,-0.18761870331068475,Germany_10Y_A_Germany,2021-02_A_Germany
2021-02-05,-0.5187705,-0.4789235,-0.03984700000000002,Germany,10Y,Germany_10Y,-0.1147428105919145,0.2383433469270043,20.87,1.2042,11.14,0.18581544604821035,3.038312721089109,1,-0.0010399999999999854,-0.0861331407412353,-0.060096499725307534,-0.04222015415734681,0.006665580419890821,0.25,1,1,A_Germany,-1.1415766041364268,-0.9369849344431891,-0.48287313848258273,1.4599303508469836,1.8017029841334775,1.0696400795886483,Germany_10Y_A_Germany,2021-02_A_Germany
2021-02-08,-0.511848,-0.4730605,-0.038787499999999975,Germany,10Y,Germany_10Y,-0.0336633858309703,0.252541590400219,21.24,1.2048,11.07,0.18631357806349216,3.055886196373738,1,0.0010595000000000465,0.08107942476094421,0.014198243473214717,0.017573475284628604,0.0004981320152818158,-0.07000000000000028,1,1,A_Germany,1.0655738281758191,0.23340889586664104,0.25078338228745245,-0.30957664164992865,0.10135777823753525,0.24871441069890782,Germany_10Y_A_Germany,2021-02_A_Germany
2021-02-09,-0.5225535,-0.480699,-0.04185450000000002,Germany,10Y,Germany_10Y,-0.107709510956349,0.3573335061583365,21.63,1.2117,11.07,0.19202433225533982,3.0740812399649675,1,-0.003067000000000042,-0.0740461251253787,0.10479191575811747,0.018195043591229698,0.005710754191847661,0.0,1,1,A_Germany,-0.982032004950458,1.6605660612671376,0.25840990781362755,0.07750301295877214,1.5384605388292563,-1.630729018498852,Germany_10Y_A_Germany,2021-02_A_Germany
2021-02-10,-0.5162285,-0.474434,-0.04179449999999996,Germany,10Y,Germany_10Y,-0.1015269917280779,0.2982033851373863,21.99,1.2116,11.08,0.1919418001709452,3.09058780456667,1,6.0000000000060005e-05,0.006182519228271094,-0.059130121020950166,0.01650656460170241,-8.253208439462645e-05,0.009999999999999787,1,1,A_Germany,0.07695950407387707,-0.92176119687268,0.23769259005903287,0.1328001064742994,-0.058729400989271034,-0.07093828458586482,Germany_10Y_A_Germany,2021-02_A_Germany
2021-02-11,-0.5357050000000001,-0.49495750000000005,-0.04074750000000005,Germany,10Y,Germany_10Y,-0.0586362724608154,0.3550770893055051,21.25,1.2128,10.57,0.19293173590597024,3.056356895370426,1,0.0010469999999999091,0.0428907192672625,0.056873704168118766,-0.03423090919624405,0.0009899357350250382,-0.5099999999999998,1,1,A_Germany,0.5614955755236524,0.9056919370702725,-0.38484661431197464,-2.742648756333178,0.2369464434758615,0.5085420154524042,Germany_10Y_A_Germany,2021-02_A_Germany
2021-02-12,-0.502946,-0.460138,-0.04280800000000001,Germany,10Y,Germany_10Y,-0.1147906537096182,0.2407109208934015,19.97,1.2118,10.57,0.19210685752875162,2.994231147427724,1,-0.002060499999999965,-0.0561543812488028,-0.11436616841210359,-0.06212574794270198,-0.0008248783772186186,0.0,1,1,A_Germany,-0.7458669170373147,-1.7919160193284527,-0.7271110082475735,0.07750301295877214,-0.2633918281892473,1.3365308769262902,Germany_10Y_A_Germany,2021-02_A_Germany
2021-02-15,-0.4591155,-0.416298,-0.04281750000000001,Germany,10Y,Germany_10Y,-0.0740673027122971,0.2888915673761377,19.97,1.2127,10.57,0.19284927868060897,2.994231147427724,1,-9.499999999995623e-06,0.040723350997321106,0.048180646482736206,0.0,0.0007424211518573531,0.0,1,1,A_Germany,0.5328870328605195,0.7687468364685711,0.035160165307953455,0.07750301295877214,0.16870748835724356,0.4096552207066479,Germany_10Y_A_Germany,2021-02_A_Germany
2021-02-16,-0.43179,-0.38994850000000003,-0.041841499999999976,Germany,10Y,Germany_10Y,-0.1347965511994472,0.2358853776309986,21.46,1.2104,10.07,0.19095088349200903,3.0661907372025525,1,0.0009760000000000324,-0.0607292484871501,-0.0530061897451391,0.07195958977482864,-0.0018983951885999384,-0.5,1,1,A_Germany,-0.806253647978045,-0.825288538459975,0.9180907176583749,-2.6873516628176506,-0.5593568762822028,0.6653918947678239,Germany_10Y_A_Germany,2021-02_A_Germany
2021-02-17,-0.4455065,-0.403713,-0.04179350000000004,Germany,10Y,Germany_10Y,-0.0809058593877839,0.3418587754154727,21.5,1.2036,10.08,0.18531706577375312,3.068052935133617,1,4.799999999993698e-05,0.0538906918116633,0.10597339778447412,0.0018621979310644576,-0.005633817718255912,0.009999999999999787,1,1,A_Germany,0.7066915665299658,1.6791784046811906,0.058008981608955894,0.1328001064742994,-1.5892005609978583,1.1866612172874393,Germany_10Y_A_Germany,2021-02_A_Germany
2021-02-18,-0.41725100000000004,-0.3753965,-0.04185450000000002,Germany,10Y,Germany_10Y,-0.1262782885494396,0.322703786342729,22.49,1.2088,10.07,0.18962813197639283,3.1130707659712242,1,-6.099999999997774e-05,-0.045372429161655695,-0.01915498907274371,0.04501783083760724,0.004311066202639713,-0.009999999999999787,1,1,A_Germany,-0.6035487237912067,-0.2920174790300316,0.5875204326669269,0.02220591944324486,1.1525711716119642,0.17624677679330106,Germany_10Y_A_Germany,2021-02_A_Germany
2021-02-19,-0.388839,-0.3460315,-0.0428075,Germany,10Y,Germany_10Y,-0.0654058270606053,0.2516362003190582,22.05,1.2117,10.06,0.19202433225533982,3.093312601892855,1,-0.0009529999999999816,0.060872461488834295,-0.0710675860236708,-0.019758164078369056,0.0023962002789469916,-0.009999999999999787,1,1,A_Germany,0.7988486117555631,-1.1098167010338633,-0.20726876984485523,0.02220591944324486,0.6246489451607097,-0.8865755309240405,Germany_10Y_A_Germany,2021-02_A_Germany
2021-02-22,-0.4205235,-0.3787595,-0.04176399999999997,Germany,10Y,Germany_10Y,-0.1302491623813627,0.3325465056825401,23.45,1.2154,10.07,0.19507324071911783,3.1548704948922883,1,0.0010435000000000305,-0.0648433353207574,0.08091030536348187,0.06155789299943315,0.003048908463778005,0.009999999999999787,1,1,A_Germany,-0.8605582303286345,1.2843498141895038,0.7904638661432476,0.1328001064742994,0.8045984413084307,-1.1052578032218299,Germany_10Y_A_Germany,2021-02_A_Germany
2021-02-23,-0.39534749999999996,-0.3524425,-0.04290499999999997,Germany,10Y,Germany_10Y,-0.0749011998962104,0.2759763189198799,23.11,1.2149,10.07,0.19466176887855946,3.1402654242862895,1,-0.0011410000000000031,0.055347962485152294,-0.05657018676266018,-0.014605070605998804,-0.0004114718405583695,0.0,1,1,A_Germany,0.7259270563230177,-0.881433562198778,-0.1440412878635066,0.07750301295877214,-0.1494170080398012,-0.6398564711512704,Germany_10Y_A_Germany,2021-02_A_Germany
2021-02-24,-0.3740525,-0.33216049999999997,-0.04189200000000004,Germany,10Y,Germany_10Y,-0.0990759502393614,0.2289833162700384,21.34,1.2164,9.94,0.19589567682107248,3.060583245873607,1,0.0010129999999999306,-0.024174750343151002,-0.04699300264984149,-0.07968217841268244,0.0012339079425130184,-0.13000000000000078,1,1,A_Germany,-0.32374639058874816,-0.7305604759639599,-0.9425250885760841,-0.6413592027431022,0.30420877729028384,0.23651631720012992,Germany_10Y_A_Germany,2021-02_A_Germany
2021-02-25,-0.31184900000000004,-0.269953,-0.041896000000000044,Germany,10Y,Germany_10Y,-0.02640680399464,0.2341900661433893,28.89,1.2176,9.93,0.19688170812528435,3.363495514478144,1,-4.000000000004e-06,0.0726691462447214,0.005206749873350902,0.3029122686045369,0.0009860313042118762,-0.009999999999999787,1,1,A_Germany,0.9545609398369603,0.09176241885505819,3.751836392473951,0.02220591944324486,0.23587000476419737,0.08759282078399716,Germany_10Y_A_Germany,2021-02_A_Germany
2021-02-26,-0.34535499999999997,-0.298469,-0.04688599999999998,Germany,10Y,Germany_10Y,-0.0808138789310247,0.2762737231571519,27.95,1.2074,10.09,0.18846928738018875,3.3304171996011083,1,-0.004989999999999939,-0.05440707493638469,0.04208365701376257,-0.03307831487703572,-0.0084124207450956,0.16000000000000014,1,1,A_Germany,-0.7228030529595562,0.6726986027613351,-0.37070450007704125,0.9622565092072283,-2.355252261121378,-0.4862286037975207,Germany_10Y_A_Germany,2021-02_A_Germany
2021-03-01,-0.40749650000000004,-0.36467000000000005,-0.04282649999999999,Germany,10Y,Germany_10Y,-0.1288419747314394,0.2968476571904695,23.35,1.2047,10.06,0.18623057329067008,3.150596984114906,1,0.004059499999999994,-0.048028095800414713,0.020573934033317642,-0.17982021548620208,-0.002238714089518673,-0.02999999999999936,1,1,A_Germany,-0.6386026430478775,0.3338476156771365,-2.1711998581415033,-0.0883882675878097,-0.6531816760519922,-0.2131959697466514,Germany_10Y_A_Germany,2021-03_A_Germany
