"Date","Price","Open","High","Low","Change %"
"04/17/2026","90.22","90.22","90.22","90.22","0.09%"
"04/16/2026","90.14","90.14","90.14","90.14","-1.18%"
"04/15/2026","91.21","91.21","91.21","91.21","-0.55%"
"04/14/2026","91.71","91.71","91.71","91.71","-1.42%"
"04/13/2026","93.04","93.04","93.04","93.04","-0.88%"
"04/10/2026","93.87","93.87","93.87","93.87","-0.88%"
"04/09/2026","94.70","94.70","94.70","94.70","0.88%"
"04/08/2026","93.87","93.87","93.87","93.87","-5.35%"
"04/07/2026","99.18","99.18","99.18","99.18","-0.33%"
"04/06/2026","99.51","99.51","99.51","99.51","-0.33%"
"04/03/2026","99.84","99.84","99.84","99.84","0.00%"
"04/02/2026","99.84","99.84","99.84","99.84","0.00%"
"04/01/2026","99.85","99.85","99.85","99.85","-3.67%"
"03/31/2026","103.65","103.66","103.66","103.65","-1.11%"
"03/30/2026","104.82","103.65","104.82","103.65","2.02%"
"03/27/2026","102.74","102.74","102.74","102.74","2.06%"
"03/26/2026","100.67","100.34","100.67","100.34","5.31%"
"03/25/2026","95.60","95.60","95.60","95.60","-7.55%"
"03/24/2026","103.40","103.40","103.40","103.40","-1.19%"
"03/23/2026","104.65","105.65","105.65","104.65","7.14%"
"03/20/2026","97.67","97.67","97.67","97.67","5.58%"
"03/19/2026","92.51","92.51","92.51","92.51","2.20%"
"03/18/2026","90.53","89.45","90.53","89.45","-1.10%"
"03/17/2026","91.53","91.53","91.53","91.53","-0.98%"
"03/16/2026","92.44","92.90","92.90","92.44","0.45%"
"03/13/2026","92.02","92.02","92.02","92.02","1.84%"
"03/12/2026","90.36","90.36","90.36","90.36","2.25%"
"03/11/2026","88.36","88.36","88.36","88.36","0.08%"
"03/10/2026","88.30","88.30","88.30","88.30","-4.21%"
"03/09/2026","92.18","91.47","92.18","91.47","8.19%"
"03/06/2026","85.20","85.20","85.20","85.20","-0.29%"
"03/05/2026","85.45","85.45","85.45","85.45","-3.29%"
"03/04/2026","88.36","88.36","88.36","88.36","3.21%"
"03/03/2026","85.61","85.61","85.61","85.61","-0.29%"
"03/02/2026","85.86","86.37","86.37","85.86","3.80%"
"02/27/2026","82.72","82.71","82.72","82.71","2.80%"
"02/26/2026","80.46","80.47","80.47","80.46","-1.32%"
"02/25/2026","81.54","81.55","81.55","81.54","-0.33%"
"02/24/2026","81.82","81.82","81.82","81.82","1.26%"
"02/23/2026","80.80","80.80","80.80","80.80","-0.72%"
"02/20/2026","81.38","81.38","81.38","81.38","0.62%"
"02/19/2026","80.88","80.88","80.88","80.88","0.00%"
"02/18/2026","80.88","81.04","81.04","80.88","-0.41%"
"02/17/2026","81.22","81.22","81.22","81.22","0.21%"
"02/16/2026","81.05","81.05","81.05","81.05","0.00%"
"02/13/2026","81.05","81.05","81.05","81.05","1.24%"
"02/12/2026","80.06","80.05","80.06","80.05","2.78%"
"02/11/2026","77.89","77.72","77.89","77.72","0.86%"
"02/10/2026","77.23","76.98","77.23","76.98","0.33%"
"02/09/2026","76.97","77.09","77.09","76.97","-2.47%"
"02/06/2026","78.92","78.93","78.93","78.92","2.27%"
"02/05/2026","77.17","75.34","77.17","75.34","0.91%"
"02/04/2026","76.48","76.39","76.48","76.39","0.55%"
"02/03/2026","76.06","76.14","76.14","76.06","-1.51%"
"02/02/2026","77.23","77.31","77.31","77.23","1.53%"
"01/30/2026","76.06","76.06","76.06","76.06","0.00%"
"01/29/2026","76.06","76.40","76.40","76.06","1.44%"
"01/28/2026","74.99","74.90","74.99","74.90","2.51%"
"01/27/2026","73.15","73.57","73.57","73.15","-1.13%"
"01/26/2026","73.99","73.83","73.99","73.83","-0.11%"
"01/23/2026","74.07","74.07","74.07","74.07","-0.33%"
"01/22/2026","74.32","74.57","74.57","74.32","-0.78%"
"01/21/2026","74.90","75.10","75.10","74.90","-0.77%"
"01/20/2026","75.48","74.98","75.48","74.98","1.90%"
"01/19/2026","74.07","74.07","74.07","74.07","3.44%"
"01/16/2026","71.61","71.62","71.62","71.61","-0.41%"
"01/15/2026","71.91","72.12","72.12","71.91","-0.13%"
"01/14/2026","72.00","72.00","72.00","72.00","0.30%"
"01/13/2026","71.78","71.78","71.78","71.78","0.94%"
"01/12/2026","71.12","70.45","71.12","70.45","1.60%"
"01/09/2026","69.99","70.00","70.00","69.99","-0.12%"
"01/08/2026","70.08","70.08","70.08","70.08","2.92%"
"01/07/2026","68.09","67.88","68.09","67.88","0.38%"
"01/06/2026","67.83","67.67","67.83","67.67","0.85%"
"01/05/2026","67.26","67.26","67.26","67.26","-1.46%"
"01/02/2026","68.26","68.26","68.26","68.26","0.00%"
"01/01/2026","68.26","68.26","68.26","68.26","0.00%"
"12/31/2025","68.26","68.26","68.26","68.26","0.00%"
"12/30/2025","68.26","68.26","68.26","68.26","-2.15%"
"12/29/2025","69.75","69.75","69.75","69.75","0.24%"
"12/26/2025","69.59","69.58","69.59","69.58","0.00%"
"12/25/2025","69.59","69.59","69.59","69.59","0.00%"
"12/24/2025","69.59","69.59","69.59","69.59","0.00%"
"12/23/2025","69.59","69.59","69.59","69.59","-0.23%"
"12/22/2025","69.75","69.75","69.75","69.75","-0.23%"
"12/19/2025","69.91","69.91","69.91","69.91","-0.67%"
"12/18/2025","70.38","70.38","70.38","70.38","0.38%"
"12/17/2025","70.12","70.12","70.12","70.12","-0.89%"
"12/16/2025","70.75","70.75","70.75","70.75","-1.40%"
"12/15/2025","71.75","72.25","72.25","71.75","-1.36%"
"12/12/2025","72.74","72.74","72.74","72.74","-2.01%"
"12/11/2025","74.24","74.23","74.24","74.23","-0.22%"
"12/10/2025","74.40","74.40","74.40","74.40","1.82%"
"12/09/2025","73.07","73.07","73.07","73.07","1.50%"
"12/08/2025","71.99","71.99","71.99","71.99","-0.57%"
"12/05/2025","72.41","72.41","72.41","72.41","0.00%"
"12/04/2025","72.40","72.40","72.40","72.40","-1.48%"
"12/03/2025","73.49","73.49","73.49","73.49","-1.00%"
"12/02/2025","74.24","74.24","74.24","74.24","0.45%"
"12/01/2025","73.90","73.90","73.90","73.90","0.23%"
"11/28/2025","73.74","73.74","73.74","73.74","-0.34%"
"11/27/2025","73.99","73.99","73.99","73.99","0.00%"
"11/26/2025","73.99","74.07","74.07","73.99","-0.56%"
"11/25/2025","74.41","74.41","74.41","74.41","-2.82%"
"11/24/2025","76.57","77.07","77.07","76.57","-1.24%"
"11/21/2025","77.53","77.53","77.53","77.53","2.26%"
"11/20/2025","75.82","75.82","75.82","75.82","-1.62%"
"11/19/2025","77.07","77.07","77.07","77.07","0.31%"
"11/18/2025","76.82","76.82","76.82","76.82","3.13%"
"11/17/2025","74.50","74.62","74.62","74.50","0.33%"
"11/12/2025","74.25","74.25","74.25","74.25","-0.88%"
"11/11/2025","74.91","74.91","74.91","74.91","-0.91%"
"11/10/2025","75.59","75.84","75.84","75.59","-1.70%"
"11/07/2025","76.90","76.90","76.90","76.90","0.65%"
"11/06/2025","76.41","76.41","76.41","76.41","-0.38%"
"11/05/2025","76.69","76.69","76.69","76.69","-0.81%"
"11/04/2025","77.32","77.32","77.32","77.32","4.61%"
"11/03/2025","73.91","73.91","73.91","73.91","0.07%"
"10/31/2025","73.86","73.86","73.86","73.86","-0.06%"
"10/30/2025","73.91","73.75","73.91","73.75","-2.03%"
"10/29/2025","75.44","75.44","75.44","75.44","0.30%"
"10/28/2025","75.22","75.55","75.55","75.22","-3.85%"
"10/27/2025","78.23","78.64","78.64","78.23","-2.80%"
"10/24/2025","80.48","80.48","80.48","80.48","-0.82%"
"10/23/2025","81.14","81.14","81.14","81.14","0.31%"
"10/22/2025","80.89","80.89","80.89","80.89","-0.85%"
"10/21/2025","81.59","81.59","81.59","81.59","-1.46%"
"10/20/2025","82.80","82.46","82.80","82.46","-0.51%"
"10/17/2025","83.22","83.22","83.22","83.22","2.56%"
"10/16/2025","81.14","81.14","81.14","81.14","-0.51%"
"10/15/2025","81.56","81.56","81.56","81.56","-2.20%"
"10/14/2025","83.39","83.64","83.64","83.39","2.15%"
"10/13/2025","81.64","81.71","81.71","81.64","2.29%"
"10/10/2025","79.82","79.48","79.82","79.48","1.48%"
"10/09/2025","78.65","78.65","78.65","78.65","-0.32%"
"10/08/2025","78.90","78.90","78.90","78.90","-1.55%"
"10/07/2025","80.15","80.15","80.15","80.15","1.69%"
"10/06/2025","78.81","78.81","78.81","78.81","-0.10%"
"10/03/2025","78.89","78.89","78.89","78.89","-2.57%"
"10/02/2025","80.98","80.98","80.98","80.98","-0.31%"
"10/01/2025","81.23","81.22","81.23","81.22","2.07%"
"09/30/2025","79.58","79.58","79.58","79.58","-4.38%"
"09/29/2025","83.22","83.72","83.72","83.22","-1.28%"
"09/26/2025","84.30","84.30","84.30","84.30","0.10%"
"09/25/2025","84.21","84.22","84.22","84.21","1.98%"
"09/24/2025","82.58","82.64","82.64","82.58","0.63%"
"09/23/2025","82.06","81.56","82.06","81.56","-1.01%"
"09/22/2025","82.90","82.90","82.90","82.90","18.58%"
"09/19/2025","69.91","69.91","69.91","69.91","-1.13%"
"09/18/2025","70.71","70.75","70.75","70.71","1.86%"
"09/17/2025","69.41","69.41","69.41","69.41","1.46%"
"09/16/2025","68.41","68.41","68.41","68.41","0.00%"
"09/15/2025","68.42","68.50","68.50","68.42","0.00%"
"09/12/2025","68.41","68.41","68.41","68.41","-2.42%"
"09/11/2025","70.11","70.11","70.11","70.11","-1.81%"
"09/10/2025","71.41","71.40","71.41","71.40","-1.99%"
"09/09/2025","72.86","72.86","72.86","72.86","-0.07%"
"09/08/2025","72.91","73.11","73.11","72.91","5.93%"
"09/05/2025","68.83","68.83","68.83","68.83","-2.02%"
"09/04/2025","70.25","70.58","70.58","70.25","-1.84%"
"09/03/2025","71.57","71.36","71.57","71.36","-0.30%"
"09/02/2025","71.78","71.78","71.78","71.78","-0.40%"
"09/01/2025","72.07","71.40","72.07","71.40","3.16%"
"08/29/2025","69.86","69.86","69.86","69.86","2.38%"
"08/28/2025","68.24","68.24","68.24","68.24","1.49%"
"08/27/2025","67.24","67.24","67.25","67.24","0.70%"
"08/26/2025","66.77","66.76","66.77","66.76","0.07%"
"08/25/2025","66.72","66.74","66.74","66.72","-1.51%"
"08/22/2025","67.74","67.74","67.74","67.74","0.00%"
"08/21/2025","67.74","67.74","67.74","67.74","0.00%"
"08/20/2025","67.74","67.74","67.74","67.74","2.22%"
"08/19/2025","66.27","66.26","66.27","66.26","-0.78%"
"08/18/2025","66.79","66.79","66.79","66.79","-1.43%"
"08/15/2025","67.76","67.77","67.77","67.76","-3.56%"
"08/14/2025","70.26","70.26","70.26","70.26","-1.39%"
"08/13/2025","71.25","71.25","71.25","71.25","-3.99%"
"08/12/2025","74.21","74.22","74.22","74.21","-0.01%"
"08/11/2025","74.22","74.22","74.22","74.22","-1.29%"
"08/08/2025","75.19","75.20","75.20","75.19","-0.01%"
"08/07/2025","75.20","75.20","75.20","75.20","0.01%"
"08/06/2025","75.19","75.19","75.19","75.19","-0.01%"
"08/05/2025","75.20","75.20","75.20","75.20","-0.01%"
"08/04/2025","75.21","75.18","75.21","75.18","1.22%"
"08/01/2025","74.30","74.21","74.30","74.21","2.85%"
"07/31/2025","72.24","72.24","72.24","72.24","0.04%"
"07/30/2025","72.21","72.23","72.23","72.21","1.35%"
"07/29/2025","71.25","71.24","71.25","71.24","-1.36%"
"07/28/2025","72.23","72.24","72.24","72.23","0.00%"
"07/25/2025","72.23","72.22","72.23","72.22","0.00%"
"07/24/2025","72.23","72.23","72.23","72.23","-0.67%"
"07/23/2025","72.72","72.22","72.72","72.22","-0.70%"
"07/22/2025","73.23","73.22","73.23","73.22","-0.03%"
"07/21/2025","73.25","73.24","73.25","73.24","-1.98%"
"07/18/2025","74.73","74.73","74.73","74.73","-1.27%"
"07/17/2025","75.69","75.70","75.70","75.69","-0.03%"
"07/16/2025","75.71","75.71","75.71","75.71","0.01%"
"07/15/2025","75.70","75.71","75.71","75.70","0.00%"
"07/14/2025","75.70","75.70","75.70","75.70","0.00%"
"07/11/2025","75.70","75.69","75.70","75.69","1.33%"
"07/10/2025","74.71","74.71","74.71","74.71","-1.31%"
"07/09/2025","75.70","75.71","75.71","75.70","0.00%"
"07/08/2025","75.70","74.21","75.70","74.21","1.99%"
"07/07/2025","74.22","74.23","74.23","74.22","0.00%"
"07/04/2025","74.22","74.22","74.22","74.22","-1.34%"
"07/03/2025","75.23","75.23","75.23","75.23","-2.55%"
"07/02/2025","77.20","77.18","77.20","77.18","-0.66%"
"07/01/2025","77.71","77.71","77.71","77.71","-0.61%"
"06/30/2025","78.19","78.19","78.19","78.19","-0.60%"
"06/27/2025","78.66","78.66","78.66","78.66","-0.04%"
"06/26/2025","78.69","78.69","78.69","78.69","0.01%"
"06/25/2025","78.68","78.68","78.68","78.68","0.63%"
"06/24/2025","78.19","78.19","78.19","78.19","-4.82%"
"06/23/2025","82.15","82.15","82.15","82.15","0.00%"
"06/20/2025","82.15","82.15","82.15","82.15","1.22%"
"06/19/2025","81.16","81.16","81.16","81.16","2.51%"
"06/18/2025","79.17","79.17","79.17","79.17","2.51%"
"06/17/2025","77.23","77.22","77.23","77.22","0.05%"
"06/16/2025","77.19","77.18","77.19","77.18","-1.28%"
"06/13/2025","78.19","78.19","78.19","78.19","5.29%"
"06/12/2025","74.26","74.23","74.26","74.23","1.42%"
"06/11/2025","73.22","73.23","73.23","73.22","-0.04%"
"06/10/2025","73.25","73.25","73.25","73.25","-3.88%"
"06/09/2025","76.21","76.22","76.22","76.21","-1.91%"
"06/06/2025","77.69","77.71","77.71","77.69","-1.28%"
"06/05/2025","78.70","78.69","78.70","78.69","0.03%"
"06/04/2025","78.68","78.68","78.68","78.68","-0.64%"
"06/03/2025","79.19","79.19","79.19","79.19","-1.22%"
"06/02/2025","80.17","80.17","80.17","80.17","0.60%"
"05/30/2025","79.69","79.68","79.69","79.68","1.27%"
"05/29/2025","78.69","78.67","78.69","78.67","-1.86%"
"05/28/2025","80.18","80.18","80.18","80.18","-2.42%"
"05/27/2025","82.17","82.17","82.17","82.17","-1.18%"
"05/26/2025","83.15","83.15","83.15","83.15","-0.60%"
"05/23/2025","83.65","83.65","83.65","83.65","-0.59%"
"05/22/2025","84.15","84.15","84.15","84.15","1.21%"
"05/21/2025","83.14","83.14","83.14","83.14","-0.01%"
"05/20/2025","83.15","83.16","83.16","83.15","-1.16%"
"05/19/2025","84.13","84.14","84.14","84.13","0.56%"
"05/16/2025","83.66","83.66","83.66","83.66","-0.59%"
"05/15/2025","84.16","84.16","84.16","84.16","1.20%"
"05/14/2025","83.16","83.16","83.16","83.16","-2.35%"
"05/13/2025","85.16","85.16","85.16","85.16","-3.32%"
"05/12/2025","88.08","88.09","88.09","88.08","-3.30%"
"05/09/2025","91.09","91.09","91.09","91.09","-2.12%"
"05/08/2025","93.06","93.06","93.06","93.06","-1.05%"
"05/07/2025","94.05","94.06","94.06","94.05","-2.07%"
"05/06/2025","96.04","96.04","96.04","96.04","0.00%"
"05/05/2025","96.04","96.04","96.04","96.04","0.01%"
"05/02/2025","96.03","96.04","96.04","96.03","-1.03%"
"05/01/2025","97.03","97.03","97.03","97.03","0.00%"
"04/30/2025","97.03","97.03","97.03","97.03","2.09%"
"04/29/2025","95.04","95.05","95.05","95.04","-0.52%"
"04/28/2025","95.54","95.54","95.54","95.54","0.50%"
"04/25/2025","95.06","95.05","95.06","95.05","-6.33%"
"04/24/2025","101.48","101.48","101.48","101.48","-2.38%"
"04/23/2025","103.95","103.96","103.96","103.95","-4.55%"
"04/21/2025","108.90","108.89","108.90","108.89","0.01%"
"04/18/2025","108.89","108.89","108.89","108.89","-0.01%"
"04/17/2025","108.90","108.91","108.91","108.90","0.01%"
"04/16/2025","108.89","108.89","108.89","108.89","2.31%"
"04/15/2025","106.43","106.43","106.43","106.43","-3.14%"
"04/14/2025","109.88","109.88","109.88","109.88","-8.27%"
"04/11/2025","119.78","119.78","119.78","119.75","0.03%"
"04/10/2025","119.75","119.75","119.75","119.75","28.67%"
"03/25/2025","93.07","93.07","93.07","93.07","1.09%"
"03/24/2025","92.07","92.07","92.07","92.07","1.06%"
"03/21/2025","91.10","91.09","91.10","91.09","2.22%"
"03/20/2025","89.12","89.11","89.12","89.11","11.19%"
"03/13/2025","80.15","80.16","80.16","80.15","1.26%"
"03/12/2025","79.15","79.17","79.17","79.15","-1.26%"
"03/11/2025","80.16","80.17","80.17","80.16","3.14%"
"03/10/2025","77.72","77.71","77.72","77.71","1.33%"
"03/07/2025","76.70","76.70","76.70","76.70","0.01%"
"03/06/2025","76.69","76.69","76.69","76.69","-1.88%"
"03/05/2025","78.16","78.15","78.16","78.15","-0.03%"
"03/04/2025","78.18","78.18","78.18","78.18","1.32%"
"03/03/2025","77.16","77.16","77.16","77.16","-1.30%"
"02/28/2025","78.18","78.18","78.18","78.18","3.99%"
"02/27/2025","75.18","75.18","75.18","75.18","0.66%"
"02/26/2025","74.69","74.69","74.69","74.69","-0.72%"
"02/25/2025","75.23","75.23","75.23","75.23","2.76%"
"02/24/2025","73.21","73.21","73.21","73.21","4.96%"
"02/21/2025","69.75","69.75","69.75","69.75","1.44%"
"02/20/2025","68.76","68.76","68.76","68.76","0.00%"
"02/19/2025","68.76","68.76","68.76","68.76","-1.41%"
"02/18/2025","69.74","69.74","69.74","69.74","-0.01%"
"02/17/2025","69.75","69.75","69.76","69.75","-1.41%"
"02/14/2025","70.75","70.75","70.75","70.75","-3.40%"
"02/13/2025","73.24","73.24","73.24","73.24","-2.61%"
"02/12/2025","75.20","75.20","75.21","75.20","-1.30%"
"02/11/2025","76.19","76.19","76.19","76.19","-0.01%"
"02/10/2025","76.20","76.20","76.20","76.20","0.01%"
"02/07/2025","76.19","76.19","76.19","76.19","0.01%"
"02/06/2025","76.18","76.18","76.18","76.18","-1.32%"
"02/05/2025","77.20","77.20","77.20","77.20","1.33%"
"02/04/2025","76.19","76.19","76.19","76.19","-1.27%"
"02/03/2025","77.17","77.17","77.17","77.17","1.29%"
"01/31/2025","76.19","76.19","76.19","76.19","-0.04%"
"01/30/2025","76.22","76.22","76.22","76.22","0.03%"
"01/29/2025","76.20","76.20","76.20","76.20","0.03%"
"01/28/2025","76.18","76.18","76.18","76.18","-0.08%"
"01/27/2025","76.24","76.24","76.24","76.24","2.71%"
"01/24/2025","74.23","74.23","74.23","74.23","0.01%"
"01/23/2025","74.22","74.22","74.22","74.22","0.00%"
"01/22/2025","74.22","74.22","74.22","74.22","-2.62%"
"01/21/2025","76.22","76.22","76.22","76.22","-1.26%"
"01/20/2025","77.19","77.19","77.19","77.19","-1.28%"
"01/17/2025","78.19","78.19","78.19","78.19","1.31%"
"01/16/2025","77.18","77.18","77.19","77.18","-3.14%"
"01/15/2025","79.68","79.68","79.68","79.68","-1.82%"
"01/14/2025","81.16","81.16","81.16","81.16","-1.18%"
"01/13/2025","82.13","82.13","82.14","82.13","3.74%"
"01/10/2025","79.17","79.17","79.17","79.17","-0.01%"
"01/09/2025","79.18","79.18","79.18","79.18","2.56%"
"01/08/2025","77.20","77.20","77.20","77.19","0.00%"
"01/07/2025","77.20","77.20","77.20","77.19","-1.25%"
"01/06/2025","78.18","78.18","78.20","78.18","-0.01%"
"01/03/2025","78.19","78.19","78.20","78.19","-0.01%"
"01/02/2025","78.20","78.20","78.20","76.20","-1.23%"
"01/01/2025","79.17","79.17","79.17","79.17","-0.03%"
"12/31/2024","79.19","79.19","79.19","79.18","2.56%"
"12/30/2024","77.21","77.21","77.21","77.21","0.03%"
"12/27/2024","77.19","77.19","77.19","77.19","0.00%"
"12/26/2024","77.19","77.19","77.19","77.18","-0.01%"
"12/25/2024","77.20","77.20","77.20","77.20","0.00%"
"12/24/2024","77.20","77.20","77.20","77.19","1.31%"
"12/23/2024","76.20","76.20","76.20","76.20","-0.01%"
"12/20/2024","76.21","76.21","76.21","76.21","0.01%"
"12/19/2024","76.20","76.20","76.20","76.20","1.33%"
"12/18/2024","75.20","75.20","75.20","75.20","1.35%"
"12/17/2024","74.20","74.20","74.20","74.19","4.14%"
"12/16/2024","71.25","71.25","71.25","71.25","0.01%"
"12/13/2024","71.24","71.24","71.24","71.23","0.01%"
"12/12/2024","71.23","71.23","71.23","71.22","0.00%"
"12/11/2024","71.23","71.23","71.23","71.23","-0.01%"
"12/10/2024","71.24","71.24","71.24","71.23","0.01%"
"12/09/2024","71.23","71.23","71.24","71.23","-1.37%"
"12/06/2024","72.22","72.22","72.22","72.22","0.00%"
"12/05/2024","72.22","72.22","72.22","72.22","-1.37%"
"12/04/2024","73.22","73.22","73.22","73.21","-0.66%"
"12/03/2024","73.71","73.71","73.72","73.71","-1.33%"
"12/02/2024","74.70","74.70","74.70","74.69","-0.69%"
"11/29/2024","75.22","75.22","75.23","75.22","0.01%"
"11/28/2024","75.21","75.21","75.21","75.21","1.32%"
"11/27/2024","74.23","74.23","74.23","74.23","0.04%"
"11/26/2024","74.20","74.20","74.21","74.20","0.64%"
"11/25/2024","73.73","73.73","73.73","73.73","0.68%"
"11/22/2024","73.23","73.23","73.23","73.23","0.00%"
"11/21/2024","73.23","73.23","73.23","73.23","0.04%"
"11/20/2024","73.20","73.20","73.20","73.20","-0.10%"
"11/19/2024","73.27","73.27","73.27","73.26","0.05%"
"11/18/2024","73.23","73.23","73.23","73.22","2.78%"
"11/15/2024","71.25","71.25","71.25","71.25","1.45%"
"11/14/2024","70.23","70.23","70.24","70.23","-0.03%"
"11/13/2024","70.25","70.25","70.25","70.25","1.52%"
"11/12/2024","69.20","69.20","69.20","69.20","0.67%"
"11/11/2024","68.74","68.74","68.74","68.74","-0.07%"
"11/08/2024","68.79","68.79","68.79","68.78","-2.80%"
"11/07/2024","70.77","70.77","70.77","70.77","-1.97%"
"11/06/2024","72.19","72.19","72.19","72.18","-0.06%"
"11/05/2024","72.23","72.23","72.23","72.22","0.63%"
"11/04/2024","71.78","71.78","71.79","71.78","0.76%"
"11/01/2024","71.24","71.24","71.27","71.24","2.87%"
"10/31/2024","69.25","69.25","69.26","69.25","-0.04%"
"10/30/2024","69.28","69.28","69.28","69.25","0.04%"
"10/29/2024","69.25","69.25","69.26","69.25","0.00%"
"10/28/2024","69.25","69.25","69.26","69.25","0.68%"
"10/25/2024","68.78","68.78","68.78","68.78","-1.45%"
"10/24/2024","69.79","69.79","69.79","69.79","-0.64%"
"10/23/2024","70.24","70.24","70.24","70.24","0.00%"
"10/22/2024","70.24","70.24","70.25","70.24","3.68%"
"10/21/2024","67.75","67.75","67.75","67.74","-0.03%"
"10/18/2024","67.77","67.77","67.79","67.77","0.01%"
"10/17/2024","67.76","67.76","67.76","67.76","-0.78%"
"10/16/2024","68.29","68.29","68.29","68.29","0.01%"
"10/15/2024","68.28","68.28","68.28","68.28","-2.11%"
"10/14/2024","69.75","69.75","69.76","69.75","0.00%"
"10/11/2024","69.75","69.75","69.76","69.75","-0.01%"
"10/10/2024","69.76","69.27","69.76","69.27","-2.12%"
"10/09/2024","71.27","69.28","69.28","69.28","2.87%"
"10/08/2024","69.28","69.28","69.28","69.28","1.54%"
"10/07/2024","68.23","68.23","68.23","68.23","-1.49%"
"10/04/2024","69.26","69.26","69.26","69.25","0.00%"
"10/03/2024","69.26","69.26","72.71","69.26","0.00%"
"10/02/2024","69.26","69.26","69.26","69.25","0.74%"
"10/01/2024","68.75","68.75","68.80","68.75","0.00%"
"09/30/2024","68.75","68.75","68.75","65.94","-0.04%"
"09/27/2024","68.78","68.78","68.78","68.78","-0.01%"
"09/26/2024","68.79","68.79","68.80","68.79","-1.38%"
"09/25/2024","69.75","69.75","69.75","69.75","-0.75%"
"09/24/2024","70.28","70.28","70.28","70.24","0.00%"
"09/23/2024","70.28","70.28","70.28","68.13","0.01%"
"09/20/2024","70.27","70.27","70.27","70.25","3.75%"
"09/19/2024","67.73","67.73","67.73","66.29","0.00%"
"09/18/2024","67.73","67.73","67.73","65.58","-0.75%"
"09/17/2024","68.24","68.24","68.24","68.24","-1.46%"
"09/16/2024","69.25","69.25","69.25","69.25","-1.45%"
"09/13/2024","70.27","70.27","70.27","70.25","-1.32%"
"09/12/2024","71.21","71.21","71.22","71.21","-1.41%"
"09/11/2024","72.23","72.23","72.23","72.16","2.15%"
"09/10/2024","70.71","70.71","70.71","70.71","-0.67%"
"09/09/2024","71.19","71.19","71.20","71.19","0.64%"
"09/06/2024","70.74","70.74","70.74","70.73","0.03%"
"09/05/2024","70.72","70.72","70.74","70.72","-0.03%"
"09/04/2024","70.74","70.74","70.74","70.74","0.17%"
"09/03/2024","70.62","68.23","68.23","70.62","5.02%"
"09/02/2024","67.25","67.25","67.26","67.25","-0.03%"
"08/30/2024","67.27","67.27","71.73","67.26","-0.01%"
"08/29/2024","67.28","67.28","67.28","67.26","0.01%"
"08/28/2024","67.27","67.27","67.27","67.27","0.01%"
"08/27/2024","67.26","67.26","67.26","67.26","-0.04%"
"08/26/2024","67.29","67.29","67.29","67.28","-4.21%"
"08/23/2024","70.25","70.25","70.25","70.25","-1.36%"
"08/22/2024","71.22","71.22","71.22","71.21","-0.71%"
"08/21/2024","71.73","71.73","71.74","71.73","-0.01%"
"08/20/2024","71.74","71.74","71.74","71.74","0.00%"
"08/19/2024","71.74","71.74","71.74","71.74","-1.36%"
"08/16/2024","72.73","72.73","72.76","72.73","-4.55%"
"08/15/2024","76.20","76.20","76.20","76.20","-3.75%"
"08/14/2024","79.17","79.17","79.17","78.19","0.00%"
"08/13/2024","79.17","79.17","79.18","79.17","0.64%"
"08/12/2024","78.67","78.67","78.68","78.67","-1.87%"
"08/09/2024","80.17","80.17","80.17","80.17","-0.02%"
"08/08/2024","80.19","80.19","80.19","80.18","1.31%"
"08/07/2024","79.15","79.15","79.16","79.15","-1.21%"
"08/06/2024","80.12","80.12","80.12","80.12","-2.51%"
"08/05/2024","82.18","82.18","82.20","82.18","6.45%"
"08/02/2024","77.20","77.20","77.21","77.20","3.35%"
"08/01/2024","74.70","74.70","74.70","74.70","-0.66%"
"07/31/2024","75.20","75.20","75.20","74.72","0.00%"
"07/30/2024","75.20","75.20","75.21","75.20","0.63%"
"07/29/2024","74.73","74.73","74.73","74.73","-1.28%"
"07/26/2024","75.70","75.70","75.70","75.70","-0.70%"
"07/25/2024","76.23","76.23","76.23","76.23","4.10%"
"07/24/2024","73.23","73.23","73.25","73.23","0.00%"
"07/23/2024","73.23","73.23","73.23","73.23","-3.89%"
"07/22/2024","76.19","76.19","76.20","76.19","2.70%"
"07/19/2024","74.19","74.19","76.68","74.19","0.00%"
"07/18/2024","74.19","74.19","74.19","74.19","2.04%"
"07/17/2024","72.71","72.71","72.71","72.71","-0.05%"
"07/16/2024","72.75","72.75","72.75","72.72","1.42%"
"07/15/2024","71.73","71.73","71.73","71.72","0.01%"
"07/12/2024","71.72","71.72","71.73","71.72","-0.03%"
"07/11/2024","71.74","71.74","71.80","71.74","-1.36%"
"07/10/2024","72.73","72.73","72.73","72.73","0.01%"
"07/09/2024","72.72","72.72","72.72","72.72","-1.33%"
"07/08/2024","73.70","73.70","73.70","73.70","-0.70%"
"07/05/2024","74.22","74.22","74.22","74.22","-0.66%"
"07/04/2024","74.71","74.71","74.71","74.71","-1.29%"
"07/03/2024","75.69","75.69","75.69","75.69","-1.96%"
"07/02/2024","77.20","77.20","77.22","77.20","-1.24%"
"07/01/2024","78.17","78.17","78.17","78.16","0.00%"
"06/28/2024","78.17","78.17","78.17","78.17","0.00%"
"06/27/2024","78.17","78.17","78.17","78.17","0.01%"
"06/26/2024","78.16","78.16","78.16","78.16","-0.01%"
"06/25/2024","78.17","78.17","78.17","78.17","-0.01%"
"06/24/2024","78.18","78.18","78.18","78.17","0.63%"
"06/21/2024","77.69","77.69","77.70","77.69","0.67%"
"06/20/2024","77.17","77.17","77.17","77.17","-0.03%"
"06/19/2024","77.19","77.19","77.19","77.18","-0.63%"
"06/18/2024","77.68","77.68","77.69","77.68","1.29%"
"06/17/2024","76.69","76.69","76.69","76.69","6.29%"
"06/14/2024","72.15","72.15","76.72","72.15","-24.24%"
"06/13/2024","95.24","95.24","95.24","72.24","30.07%"
"06/12/2024","73.22","73.22","73.22","73.22","0.66%"
"06/11/2024","72.74","72.74","72.75","72.74","0.03%"
"06/10/2024","72.72","72.72","72.72","72.72","0.00%"
"06/07/2024","72.72","72.72","72.72","72.71","0.01%"
"06/06/2024","72.71","72.71","72.72","72.71","0.00%"
"06/05/2024","72.71","72.71","72.72","72.71","0.65%"
"06/04/2024","72.24","72.24","72.24","72.24","0.00%"
"06/03/2024","72.24","72.24","72.25","72.24","-22.63%"
"05/31/2024","93.37","93.37","93.37","72.72","-0.01%"
"05/30/2024","93.38","93.38","93.38","72.74","31.10%"
"05/29/2024","71.23","71.23","71.23","71.23","-0.03%"
"05/28/2024","71.25","71.25","71.25","71.25","-1.37%"
"05/27/2024","72.24","72.24","72.24","72.24","-0.01%"
"05/24/2024","72.25","72.25","72.25","72.23","2.11%"
"05/23/2024","70.76","70.76","70.76","70.76","1.46%"
"05/22/2024","69.74","69.74","69.74","69.73","-1.43%"
"05/21/2024","70.75","70.75","70.75","69.78","0.70%"
"05/20/2024","70.26","70.26","70.26","70.24","0.00%"
"05/17/2024","70.26","70.26","70.26","70.25","0.00%"
"05/16/2024","70.26","70.26","70.26","70.25","32.87%"
"05/15/2024","52.88","52.88","71.81","52.88","-26.81%"
"05/14/2024","72.25","72.25","72.26","72.25","0.00%"
"05/13/2024","72.25","72.25","72.26","72.25","0.00%"
"05/10/2024","72.25","72.25","72.25","72.24","0.03%"
"05/09/2024","72.23","72.23","72.24","72.23","0.00%"
"05/08/2024","72.23","72.23","72.23","72.23","2.06%"
"05/07/2024","70.77","70.77","70.77","70.77","-1.39%"
"05/06/2024","71.77","71.77","71.78","71.77","-3.33%"
"05/03/2024","74.24","74.24","74.30","74.24","-1.34%"
"05/02/2024","75.25","75.24","75.25","75.24","-0.62%"
"05/01/2024","75.72","75.72","75.73","75.72","0.01%"
"04/30/2024","75.71","75.71","75.71","75.71","-1.33%"
"04/29/2024","76.73","76.73","76.73","76.72","-3.11%"
"04/26/2024","79.19","79.19","79.19","79.18","-0.61%"
"04/25/2024","79.68","79.68","79.68","79.64","2.57%"
"04/24/2024","77.68","77.68","77.68","77.68","-0.64%"
"04/23/2024","78.18","78.18","78.18","78.18","-2.48%"
"04/22/2024","80.17","80.17","80.18","80.17","-1.24%"
"04/19/2024","81.18","81.18","81.18","81.18","3.81%"
"04/18/2024","78.20","78.20","78.20","78.19","-2.47%"
"04/17/2024","80.18","80.18","80.18","80.17","0.02%"
"04/16/2024","80.16","80.16","80.16","80.16","3.86%"
"04/15/2024","77.18","77.18","77.18","77.14","2.59%"
"04/12/2024","75.23","75.23","75.24","75.23","1.36%"
"04/11/2024","74.22","74.22","74.22","74.22","1.35%"
"04/10/2024","73.23","73.23","73.23","73.23","-0.03%"
"04/09/2024","73.25","73.25","73.25","73.25","-3.21%"
"04/08/2024","75.68","75.68","75.68","75.68","-1.30%"
"04/05/2024","76.68","76.68","76.69","76.68","1.28%"
"04/04/2024","75.71","75.71","75.71","75.70","0.01%"
"04/03/2024","75.70","75.70","75.71","75.70","1.98%"
"04/02/2024","74.23","74.23","74.23","74.21","1.34%"
"04/01/2024","73.25","73.25","73.25","73.24","0.00%"
"03/29/2024","73.25","73.25","73.25","73.25","0.05%"
"03/28/2024","73.21","73.21","73.21","73.21","-0.03%"
"03/27/2024","73.23","73.23","73.24","73.23","1.34%"
"03/26/2024","72.26","72.26","72.26","72.26","0.04%"
"03/25/2024","72.23","72.23","72.23","72.22","-0.04%"
"03/22/2024","72.26","72.26","72.26","72.26","-0.01%"
"03/21/2024","72.27","72.27","72.27","72.27","-2.67%"
"03/20/2024","74.25","74.25","74.25","74.25","8.79%"
"03/19/2024","68.25","68.25","68.25","68.25","0.00%"
"03/18/2024","68.25","68.25","68.26","68.25","0.00%"
"03/15/2024","68.25","68.25","68.25","68.25","0.00%"
"03/14/2024","68.25","68.25","68.25","68.25","-1.44%"
"03/13/2024","69.25","69.25","69.25","69.25","-1.40%"
"03/12/2024","70.23","70.23","70.23","70.23","-0.01%"
"03/11/2024","70.24","70.24","70.24","70.22","-0.01%"
"03/08/2024","70.25","70.25","70.25","70.25","0.03%"
"03/07/2024","70.23","70.23","70.24","70.23","0.01%"
"03/06/2024","70.22","70.22","70.22","70.22","-0.04%"
"03/05/2024","70.25","70.25","70.25","70.25","0.04%"
"03/04/2024","70.22","70.22","70.23","70.22","-0.03%"
"03/01/2024","70.24","70.24","70.24","70.24","-0.66%"
"02/29/2024","70.71","70.71","70.71","70.71","-0.74%"
"02/28/2024","71.24","71.24","71.24","71.24","1.42%"
"02/27/2024","70.24","70.24","70.24","70.24","2.90%"
"02/26/2024","68.26","68.26","68.26","68.25","0.06%"
"02/23/2024","68.22","68.22","68.24","68.22","-2.86%"
"02/22/2024","70.23","70.24","70.24","70.23","-2.77%"
"02/21/2024","72.23","72.23","72.23","72.23","0.68%"
"02/20/2024","71.74","71.74","71.74","71.74","0.01%"
"02/19/2024","71.73","71.73","71.73","71.73","0.01%"
"02/16/2024","71.72","71.72","71.72","71.71","-1.43%"
"02/15/2024","72.76","72.76","72.76","72.76","-3.30%"
"02/14/2024","75.24","75.24","75.24","75.23","1.37%"
"02/13/2024","74.22","74.22","74.22","74.22","0.00%"
"02/12/2024","74.22","74.22","74.22","74.22","0.00%"
"02/09/2024","74.22","74.22","74.22","74.21","-0.01%"
"02/08/2024","74.23","74.23","74.23","74.22","0.01%"
"02/07/2024","74.22","74.22","74.22","74.22","-0.68%"
"02/06/2024","74.73","74.73","74.73","74.73","-0.59%"
"02/05/2024","75.17","75.17","75.17","75.17","0.64%"
"02/02/2024","74.69","74.69","74.70","74.69","-2.63%"
"02/01/2024","76.71","76.71","76.71","76.71","2.64%"
"01/31/2024","74.74","74.74","74.74","74.74","-2.56%"
"01/30/2024","76.70","76.70","76.70","76.70","-0.04%"
"01/29/2024","76.73","76.73","76.73","76.73","0.04%"
"01/26/2024","76.70","76.70","76.70","76.70","0.63%"
"01/25/2024","76.22","76.22","76.22","76.21","3.35%"
"01/24/2024","73.75","73.75","73.75","73.75","-0.63%"
"01/23/2024","74.22","74.22","74.22","74.22","-0.67%"
"01/22/2024","74.72","74.72","74.74","74.72","-0.66%"
"01/19/2024","75.22","75.22","75.22","75.22","-1.32%"
"01/18/2024","76.23","76.23","76.23","76.23","-1.23%"
"01/17/2024","77.18","77.18","77.18","77.18","3.33%"
"01/16/2024","74.69","74.69","74.69","74.69","0.65%"
"01/15/2024","74.21","74.21","74.21","74.21","-0.03%"
"01/12/2024","74.23","74.23","74.23","74.22","-0.04%"
"01/11/2024","74.26","74.26","74.26","74.26","-3.82%"
"01/10/2024","77.21","77.21","77.21","77.21","0.03%"
"01/09/2024","77.19","77.19","77.19","77.19","-0.66%"
"01/08/2024","77.70","77.70","77.70","77.70","0.01%"
"01/05/2024","77.69","77.69","77.69","77.69","2.60%"
"01/04/2024","75.72","75.72","75.72","75.70","0.69%"
"01/03/2024","75.20","75.20","75.20","75.20","8.62%"
"01/02/2024","69.23","69.23","69.23","69.23","-0.09%"
"01/01/2024","69.29","69.29","69.29","69.29","0.01%"
"12/29/2023","69.28","69.28","69.28","69.28","0.03%"
"12/28/2023","69.26","69.26","69.26","69.26","-1.45%"
"12/27/2023","70.28","70.28","70.29","70.28","0.00%"
"12/26/2023","70.28","70.28","70.28","70.27","0.00%"
"12/25/2023","70.28","70.28","70.28","70.28","0.01%"
"12/22/2023","70.27","70.27","70.29","70.27","-1.39%"
"12/21/2023","71.26","71.26","71.27","71.26","2.08%"
"12/20/2023","69.81","69.81","69.81","69.81","-1.37%"
"12/19/2023","70.78","70.78","70.78","70.78","-0.01%"
"12/18/2023","70.79","70.79","70.79","70.79","0.03%"
"12/15/2023","70.77","70.77","70.77","70.76","1.30%"
"12/14/2023","69.86","69.86","69.86","69.85","-4.61%"
"12/13/2023","73.24","73.24","73.24","73.24","-2.02%"
"12/12/2023","74.75","74.75","74.75","74.75","-1.28%"
"12/11/2023","75.72","75.72","75.72","75.71","0.01%"
"12/08/2023","75.71","75.71","75.71","75.71","0.00%"
"12/07/2023","75.71","75.71","75.71","75.71","-0.01%"
"12/06/2023","75.72","75.72","75.72","75.71","-0.03%"
"12/05/2023","75.74","75.74","75.74","75.74","-4.17%"
"12/04/2023","79.03","79.03","79.03","74.22","5.00%"
"12/01/2023","75.27","75.27","75.27","75.26","1.36%"
"11/30/2023","74.26","74.26","74.26","74.25","-1.35%"
"11/29/2023","75.28","75.28","75.28","75.28","0.05%"
"11/28/2023","75.24","75.24","75.24","75.23","0.00%"
"11/27/2023","75.24","75.24","75.25","75.24","0.03%"
"11/24/2023","75.22","75.22","75.22","75.22","-0.04%"
"11/23/2023","75.25","75.25","75.25","75.24","-1.93%"
"11/22/2023","76.73","76.73","76.75","76.73","1.94%"
"11/21/2023","75.27","75.27","75.27","75.26","-1.90%"
"11/20/2023","76.73","76.73","76.73","76.72","-1.96%"
"11/17/2023","78.26","78.26","78.26","78.26","-0.63%"
"11/16/2023","78.76","78.76","78.76","78.76","0.66%"
"11/15/2023","78.24","78.24","78.24","78.23","-5.95%"
"11/14/2023","83.19","83.19","83.19","83.19","-4.53%"
"11/13/2023","87.14","87.14","87.14","87.14","-0.01%"
"11/10/2023","87.15","87.15","87.15","87.15","2.34%"
"11/09/2023","85.16","85.16","85.16","85.16","0.59%"
"11/08/2023","84.66","84.66","84.66","84.66","-1.18%"
"11/07/2023","85.67","85.67","85.67","85.67","0.60%"
"11/06/2023","85.16","85.16","85.16","85.16","-3.37%"
"11/03/2023","88.13","88.13","97.39","88.13","-4.30%"
"11/02/2023","92.09","92.09","92.09","92.09","-6.05%"
"11/01/2023","98.02","98.02","98.02","98.02","-1.00%"
"10/31/2023","99.01","99.01","99.01","99.01","-2.43%"
"10/30/2023","101.48","101.48","101.48","101.48","0.00%"
"10/27/2023","101.48","101.48","101.48","101.48","-0.48%"
"10/26/2023","101.97","101.97","101.97","101.97","4.56%"
"10/25/2023","97.52","97.52","97.52","97.52","-1.50%"
"10/24/2023","99.01","99.01","99.01","98.73","-3.85%"
"10/23/2023","102.97","102.97","102.97","102.96","-0.90%"
"10/20/2023","103.91","101.97","103.91","101.97","3.91%"
"10/19/2023","100.00","100.00","101.97","100.00","3.06%"
"10/18/2023","97.03","97.03","97.03","97.03","1.03%"
"10/17/2023","96.04","95.05","97.91","95.05","1.04%"
"10/16/2023","95.05","95.05","95.05","95.05","-0.01%"
"10/13/2023","95.06","95.06","95.06","95.06","2.13%"
"10/12/2023","93.08","93.08","93.08","93.07","-2.08%"
"10/11/2023","95.06","95.06","95.06","95.05","-3.51%"
"10/10/2023","98.52","98.52","98.52","98.52","-3.38%"
"10/09/2023","101.97","101.97","101.97","101.97","0.98%"
"10/06/2023","100.98","100.98","100.99","100.98","3.02%"
"10/05/2023","98.02","98.02","98.02","98.02","-1.98%"
"10/04/2023","100.00","100.00","100.00","100.00","6.30%"
"10/03/2023","94.07","94.07","94.07","93.57","2.72%"
"10/02/2023","91.58","91.58","91.58","91.58","-1.09%"
"09/29/2023","92.59","92.59","92.59","92.59","-1.05%"
"09/28/2023","93.57","93.57","93.57","93.57","1.61%"
"09/27/2023","92.09","92.09","92.09","92.09","1.09%"
"09/26/2023","91.10","91.10","91.10","91.10","1.66%"
"09/25/2023","89.61","89.61","89.61","89.61","0.00%"
"09/22/2023","89.61","89.61","89.62","89.61","0.01%"
"09/21/2023","89.60","89.60","89.60","89.60","5.20%"
"09/20/2023","85.17","85.17","85.17","85.17","6.88%"
"09/19/2023","79.69","79.69","79.69","79.69","-1.23%"
"09/18/2023","80.68","80.68","80.68","80.68","3.82%"
"09/15/2023","77.71","77.71","77.71","77.71","-0.64%"
"09/14/2023","78.21","78.21","78.23","78.21","-0.62%"
"09/13/2023","78.70","78.70","78.70","78.69","-0.01%"
"09/12/2023","78.71","78.71","78.71","78.70","-1.86%"
"09/11/2023","80.20","80.20","80.20","80.20","0.00%"
"09/08/2023","80.20","80.20","80.21","80.20","-0.62%"
"09/07/2023","80.70","80.70","80.70","80.70","1.88%"
"09/06/2023","79.21","79.21","79.21","79.21","0.01%"
"09/05/2023","79.20","79.20","79.20","79.18","-0.01%"
"09/04/2023","79.21","79.21","79.21","79.20","-1.22%"
"09/01/2023","80.19","80.19","80.21","80.19","-1.84%"
"08/31/2023","81.69","81.69","81.69","81.69","-1.77%"
"08/30/2023","83.16","83.16","83.16","83.16","-2.34%"
"08/29/2023","85.15","85.15","85.15","85.14","-2.26%"
"08/28/2023","87.12","87.12","87.12","87.12","-0.57%"
"08/25/2023","87.62","87.62","87.62","87.62","4.11%"
"08/24/2023","84.16","84.16","84.16","84.15","1.77%"
"08/23/2023","82.70","82.70","82.70","82.69","-3.44%"
"08/22/2023","85.65","85.65","85.65","85.65","-6.97%"
"08/21/2023","92.07","92.07","92.07","92.07","1.06%"
"08/18/2023","91.10","91.10","91.10","91.10","3.38%"
"08/17/2023","88.12","88.12","88.13","88.12","1.12%"
"08/16/2023","87.14","87.14","87.14","87.14","1.16%"
"08/15/2023","86.14","86.14","86.14","86.13","3.57%"
"08/14/2023","83.17","83.17","83.17","83.16","2.41%"
"08/11/2023","81.21","81.21","81.21","81.20","0.02%"
"08/10/2023","81.19","81.19","81.20","81.19","1.22%"
"08/09/2023","80.21","80.21","80.21","80.20","-0.02%"
"08/08/2023","80.23","80.23","80.23","80.23","2.60%"
"08/07/2023","78.20","78.20","78.70","78.20","-0.66%"
"08/04/2023","78.72","78.72","78.72","78.71","-2.43%"
"08/03/2023","80.68","80.68","80.68","80.68","4.44%"
"08/02/2023","77.25","77.25","77.25","77.25","4.03%"
"08/01/2023","74.26","74.26","74.27","74.26","0.68%"
"07/31/2023","73.76","73.76","73.77","73.76","-3.25%"
"07/28/2023","76.24","76.24","76.28","76.24","-1.93%"
"07/27/2023","77.74","77.74","77.74","77.74","-2.47%"
"07/26/2023","79.71","79.71","79.72","79.71","-0.62%"
"07/25/2023","80.21","80.21","80.21","80.20","-3.01%"
"07/24/2023","82.70","82.70","82.72","82.70","-0.59%"
"07/21/2023","83.19","83.20","83.20","83.19","0.59%"
"07/20/2023","82.70","82.70","82.70","82.67","1.81%"
"07/19/2023","81.23","81.23","81.24","81.23","-1.23%"
"07/18/2023","82.24","82.24","82.24","82.23","0.02%"
"07/17/2023","82.22","82.22","82.23","82.22","1.86%"
"07/14/2023","80.72","80.72","80.72","80.72","-1.84%"
"07/13/2023","82.23","82.23","82.23","82.23","-4.03%"
"07/12/2023","85.68","85.68","85.68","85.68","-2.25%"
"07/11/2023","87.65","87.65","87.65","87.65","-1.11%"
"07/10/2023","88.63","88.63","88.64","88.63","0.00%"
"07/07/2023","88.63","88.63","88.63","88.63","2.87%"
"07/06/2023","86.16","86.16","86.16","86.15","1.14%"
"07/05/2023","85.19","85.19","85.19","85.19","0.00%"
"07/04/2023","85.19","85.19","85.19","85.18","-1.13%"
"07/03/2023","86.16","86.16","86.16","86.14","-2.25%"
"06/30/2023","88.14","88.14","88.14","88.12","-1.11%"
"06/29/2023","89.13","89.13","89.13","89.12","0.00%"
"06/28/2023","89.13","89.13","89.14","89.13","-1.63%"
"06/27/2023","90.61","90.61","90.61","90.61","-0.01%"
"06/26/2023","90.62","90.62","90.62","90.62","3.39%"
"06/23/2023","87.65","87.65","87.66","87.65","1.73%"
"06/22/2023","86.16","86.16","86.16","86.16","-0.01%"
"06/21/2023","86.17","86.17","86.17","86.16","1.76%"
"06/20/2023","84.68","84.68","84.69","84.68","1.77%"
"06/19/2023","83.21","83.21","83.21","83.20","0.02%"
"06/16/2023","83.19","83.19","83.19","83.19","0.00%"
"06/15/2023","83.19","83.19","83.21","83.19","-0.04%"
"06/14/2023","83.22","83.22","83.23","83.22","-1.16%"
"06/13/2023","84.20","84.20","84.20","84.19","0.01%"
"06/12/2023","84.19","84.19","84.19","84.19","0.00%"
"06/09/2023","84.19","84.19","84.19","84.17","-2.30%"
"06/08/2023","86.17","86.17","86.17","86.17","1.15%"
"06/07/2023","85.19","85.19","85.19","85.19","-0.57%"
"06/06/2023","85.68","85.68","85.69","85.68","1.18%"
"06/05/2023","84.68","84.68","84.68","84.67","-5.51%"
"06/02/2023","89.62","89.62","89.62","86.66","0.01%"
"06/01/2023","89.61","89.61","89.62","89.61","1.08%"
"05/31/2023","88.65","88.65","88.65","88.65","1.71%"
"05/30/2023","87.16","87.16","87.18","87.16","-3.81%"
"05/29/2023","90.61","90.61","90.62","90.61","-0.01%"
"05/26/2023","90.62","90.62","90.63","90.62","-1.07%"
"05/25/2023","91.60","91.60","91.60","91.60","1.63%"
"05/24/2023","90.13","90.13","90.13","90.13","-1.08%"
"05/23/2023","91.11","91.11","91.11","91.10","-0.56%"
"05/22/2023","91.62","91.62","91.62","91.61","-4.48%"
"05/19/2023","95.92","95.92","95.92","92.10","-8.00%"
"05/18/2023","104.25","104.25","104.25","97.89","7.00%"
"05/17/2023","97.43","97.44","97.61","97.44","-0.03%"
"05/16/2023","97.47","97.47","97.60","97.47","-0.04%"
"05/15/2023","97.51","97.51","97.59","97.51","-0.03%"
"05/12/2023","97.54","97.56","97.58","97.54","-0.04%"
"05/11/2023","97.58","97.58","97.58","97.56","0.04%"
"05/10/2023","97.54","97.56","97.56","97.54","0.01%"
"05/09/2023","97.53","97.53","97.53","97.53","1.55%"
"05/08/2023","96.04","96.04","96.04","96.04","-3.96%"
"05/05/2023","100.00","100.00","100.00","100.00","-0.49%"
"05/04/2023","100.49","100.49","100.49","100.49","2.00%"
"05/03/2023","98.52","98.52","98.52","98.52","4.17%"
"05/02/2023","94.58","94.58","94.58","94.57","-1.52%"
"05/01/2023","96.04","96.04","96.05","96.04","6.57%"
"04/28/2023","90.11","90.11","96.05","90.11","-8.98%"
"04/27/2023","99.01","99.01","99.01","99.01","1.52%"
"04/26/2023","97.53","97.53","97.53","97.53","2.59%"
"04/25/2023","95.07","95.07","95.07","95.07","0.01%"
"04/24/2023","95.06","95.06","95.07","95.06","0.52%"
"04/21/2023","94.57","94.57","94.57","94.57","-0.01%"
"04/20/2023","94.58","94.58","94.58","94.58","1.07%"
"04/19/2023","93.58","93.58","93.58","93.58","4.40%"
"04/18/2023","89.64","89.64","89.64","89.64","1.12%"
"04/17/2023","88.65","88.65","88.65","88.65","0.56%"
"04/14/2023","88.16","88.16","88.16","88.16","-2.21%"
"04/13/2023","90.15","90.15","90.15","90.15","0.02%"
"04/12/2023","90.13","90.13","90.13","90.13","-2.15%"
"04/11/2023","92.11","92.11","92.11","92.11","0.53%"
"04/10/2023","91.62","91.62","91.62","91.62","0.01%"
"04/07/2023","91.61","91.61","91.61","91.61","-0.01%"
"04/06/2023","91.62","91.62","91.62","91.62","0.01%"
"04/05/2023","91.61","91.61","91.61","91.61","0.00%"
"04/04/2023","91.61","91.61","91.61","91.61","-1.58%"
"04/03/2023","93.08","93.08","93.08","93.08","-2.08%"
"03/31/2023","95.06","95.06","95.06","95.06","-3.99%"
"03/30/2023","99.01","99.01","99.01","99.01","-6.52%"
"03/29/2023","105.92","105.92","105.92","105.92","-0.92%"
"03/28/2023","106.91","106.91","106.91","106.91","-5.24%"
"03/27/2023","112.82","112.82","112.82","112.82","0.02%"
"03/24/2023","112.80","112.80","112.80","112.80","6.51%"
"03/23/2023","105.91","105.91","105.91","105.91","-0.92%"
"03/22/2023","106.89","106.89","106.89","106.89","-4.40%"
"03/21/2023","111.81","111.81","111.81","111.81","-9.59%"
"03/20/2023","123.67","123.67","123.67","123.67","21.87%"
"03/17/2023","101.48","101.48","101.48","101.48","-6.81%"
"03/16/2023","108.90","108.90","108.90","108.90","1.84%"
"03/15/2023","106.93","106.93","106.93","106.93","7.96%"
"03/14/2023","99.04","99.04","99.04","99.04","0.03%"
"03/13/2023","99.01","99.01","99.01","99.01","-0.99%"
"03/10/2023","100.00","100.00","100.00","100.00","8.60%"
"03/09/2023","92.08","92.08","92.08","92.08","-1.05%"
"03/08/2023","93.06","93.06","93.06","93.06","6.79%"
"03/07/2023","87.14","87.14","87.14","87.14","0.00%"
"03/06/2023","87.14","87.14","87.14","87.14","-4.34%"
"03/03/2023","91.09","91.09","91.09","91.09","-2.64%"
"03/02/2023","93.56","93.56","93.56","93.56","3.28%"
"03/01/2023","90.59","90.59","90.59","90.59","-1.61%"
"02/28/2023","92.07","92.07","92.07","92.07","-2.12%"
"02/27/2023","94.06","94.06","94.06","94.06","0.53%"
"02/24/2023","93.56","93.56","93.56","93.56","-3.08%"
"02/23/2023","96.53","96.53","96.53","96.53","-3.47%"
"02/22/2023","100.00","100.00","100.00","100.00","5.72%"
"02/21/2023","94.59","94.59","94.59","94.59","0.05%"
"02/20/2023","94.55","94.55","94.55","94.55","0.00%"
"02/17/2023","94.55","94.55","94.55","94.55","7.27%"
"02/16/2023","88.14","88.14","88.14","88.14","0.00%"
"02/15/2023","88.14","88.14","88.14","88.14","-2.19%"
"02/14/2023","90.11","90.11","90.11","90.11","-2.14%"
"02/13/2023","92.08","92.08","92.08","92.08","4.48%"
"02/10/2023","88.13","88.13","88.13","88.13","2.30%"
"02/09/2023","86.15","86.15","86.15","86.15","-0.01%"
"02/08/2023","86.16","86.16","86.16","86.16","-2.25%"
"02/07/2023","88.14","88.14","88.14","88.14","5.96%"
"02/06/2023","83.18","83.18","83.18","83.18","6.30%"
"02/03/2023","78.25","78.25","78.25","78.25","-1.84%"
"02/02/2023","79.72","79.72","79.72","79.72","-7.46%"
"02/01/2023","86.15","86.15","86.15","86.15","-2.26%"
"01/31/2023","88.14","88.14","88.14","88.14","4.70%"
"01/30/2023","84.18","84.18","84.18","84.18","0.01%"
"01/27/2023","84.17","84.17","84.17","84.17","-1.17%"
"01/26/2023","85.17","85.17","85.17","85.16","-2.26%"
"01/25/2023","87.14","87.14","87.15","87.14","-0.01%"
"01/24/2023","87.15","87.15","87.15","87.15","0.00%"
"01/23/2023","87.15","87.15","87.15","87.14","0.01%"
"01/20/2023","87.14","87.14","87.14","87.13","1.70%"
"01/19/2023","85.68","85.68","85.68","85.66","-0.57%"
"01/18/2023","86.17","86.17","86.17","86.17","-2.22%"
"01/17/2023","88.13","88.13","88.13","88.13","-2.20%"
"01/16/2023","90.11","90.11","90.11","88.13","0.00%"
"01/13/2023","90.11","90.11","90.11","90.11","-3.19%"
"01/12/2023","93.08","93.08","93.08","93.08","0.00%"
"01/11/2023","93.08","93.08","93.08","93.08","0.00%"
"01/10/2023","93.08","93.08","93.08","93.07","0.00%"
"01/09/2023","93.08","93.08","93.08","93.08","-4.07%"
"01/06/2023","97.03","97.03","97.03","97.03","1.03%"
"01/05/2023","96.04","96.04","96.04","96.04","-1.03%"
"01/04/2023","97.04","97.04","97.04","97.04","-1.00%"
"01/03/2023","98.02","98.02","98.02","98.02","0.00%"
"01/02/2023","98.02","98.02","98.02","98.02","0.00%"
"12/30/2022","98.02","98.02","98.02","98.02","-1.00%"
"12/29/2022","99.01","99.01","99.01","99.01","-2.43%"
"12/28/2022","101.48","101.48","101.48","101.48","0.00%"
"12/27/2022","101.48","101.48","101.48","101.48","0.00%"
"12/26/2022","101.48","101.48","101.48","101.48","1.99%"
"12/23/2022","99.50","99.50","101.48","99.50","-4.27%"
"12/22/2022","103.94","103.94","103.94","99.50","0.00%"
"12/21/2022","103.94","103.94","103.94","103.94","0.95%"
"12/20/2022","102.96","102.96","103.95","102.96","5.04%"
"12/19/2022","98.02","98.02","102.96","98.02","0.00%"
"12/16/2022","98.02","98.02","98.02","98.02","4.20%"
"12/15/2022","94.07","94.07","94.07","94.07","1.05%"
"12/14/2022","93.09","93.09","93.09","93.09","-5.03%"
"12/13/2022","98.02","98.02","98.02","98.02","-3.87%"
"12/12/2022","101.97","101.97","101.97","101.97","0.00%"
"12/09/2022","101.97","101.97","101.97","101.97","0.00%"
"12/08/2022","101.97","101.97","101.97","101.97","-0.96%"
"12/07/2022","102.96","102.96","102.96","102.96","6.11%"
"12/06/2022","97.03","97.03","97.03","97.03","7.69%"
"12/05/2022","90.10","90.10","90.10","90.10","-0.01%"
"12/02/2022","90.11","90.11","90.12","90.11","-1.85%"
"12/01/2022","91.81","91.81","91.81","86.19","-0.33%"
"11/30/2022","92.11","92.11","92.11","92.11","-4.10%"
"11/29/2022","96.05","96.05","96.05","96.05","-0.52%"
"11/28/2022","96.55","96.55","96.55","96.54","1.56%"
"11/25/2022","95.07","95.07","95.07","95.06","-4.93%"
"11/24/2022","100.00","100.00","100.00","100.00","-11.49%"
"11/23/2022","112.98","112.98","112.98","107.88","0.18%"
"11/22/2022","112.78","112.78","112.78","112.78","-0.44%"
"11/21/2022","113.28","113.28","113.29","113.28","0.87%"
"11/18/2022","112.30","112.30","112.31","112.30","-0.87%"
"11/17/2022","113.29","113.29","113.29","113.29","10.84%"
"11/16/2022","102.21","102.21","102.21","101.96","0.25%"
"11/15/2022","101.96","101.96","101.96","101.96","-1.90%"
"11/14/2022","103.94","103.94","103.94","103.94","-2.76%"
"11/11/2022","106.89","106.89","106.89","106.89","-13.53%"
"11/10/2022","123.61","123.61","123.62","123.61","-3.27%"
"11/09/2022","127.79","127.79","127.79","116.71","0.22%"
"11/08/2022","127.51","127.51","127.51","119.66","0.00%"
"11/07/2022","127.51","127.51","127.51","127.49","-9.73%"
"11/04/2022","141.25","141.25","141.31","141.25","-0.02%"
"11/03/2022","141.28","141.28","141.38","141.28","3.20%"
"11/02/2022","136.90","136.90","136.90","133.38","0.44%"
"11/01/2022","136.30","136.30","136.30","136.26","-0.06%"
"10/31/2022","136.38","136.38","136.40","136.38","-2.07%"
"10/28/2022","139.26","139.26","139.32","139.26","-1.38%"
"10/27/2022","141.21","141.21","141.23","141.21","-11.04%"
"10/26/2022","158.74","158.74","158.74","145.11","-0.02%"
"10/25/2022","158.77","158.77","158.77","158.74","-1.17%"
"10/24/2022","160.65","160.65","160.76","160.65","-0.08%"
"10/21/2022","160.78","160.78","160.79","160.78","-0.01%"
"10/20/2022","160.79","160.79","160.80","160.79","5.13%"
"10/19/2022","152.95","152.95","153.07","152.95","-1.82%"
"10/18/2022","155.79","155.79","155.82","155.79","-6.48%"
"10/17/2022","166.58","166.58","166.58","166.46","3.03%"
"10/14/2022","161.68","161.68","161.68","161.62","-0.06%"
"10/13/2022","161.78","161.78","161.98","161.78","-0.55%"
"10/12/2022","162.67","162.67","162.70","162.67","-1.85%"
"10/11/2022","165.74","165.74","165.74","165.61","4.35%"
"10/10/2022","158.83","158.83","158.86","158.83","3.16%"
"10/07/2022","153.96","153.96","154.03","153.96","1.97%"
"10/06/2022","150.98","150.98","151.02","150.98","4.75%"
"10/05/2022","144.13","144.13","144.18","144.13","-8.64%"
"10/04/2022","157.76","157.76","157.76","157.76","-0.04%"
"10/03/2022","157.83","157.83","157.83","157.73","-0.04%"
"09/30/2022","157.89","157.89","157.89","157.88","-5.39%"
"09/29/2022","166.88","166.88","166.88","164.89","0.11%"
"09/28/2022","166.69","166.69","166.69","166.57","8.17%"
"09/27/2022","154.10","154.10","154.10","151.04","-0.10%"
"09/26/2022","154.25","154.25","154.25","141.39","9.13%"
"09/23/2022","141.35","141.35","141.39","141.35","5.08%"
"09/22/2022","134.52","134.52","134.52","134.50","4.68%"
"09/21/2022","128.51","128.51","128.52","128.51","4.78%"
"09/20/2022","122.65","122.65","122.68","122.65","11.63%"
"09/19/2022","109.87","109.87","111.85","109.87","0.00%"
"09/16/2022","109.87","109.87","109.87","109.87","4.70%"
"09/15/2022","104.94","104.94","104.94","104.94","-2.29%"
"09/14/2022","107.40","107.40","107.41","107.40","-12.47%"
"09/13/2022","122.70","122.70","122.70","100.99","14.25%"
"09/12/2022","107.40","107.40","107.45","107.40","-12.75%"
"09/09/2022","123.10","123.10","123.10","107.40","0.33%"
"09/08/2022","122.70","122.70","122.81","122.70","-0.81%"
"09/07/2022","123.70","123.70","123.70","122.81","0.49%"
"09/06/2022","123.10","123.10","123.10","122.75","0.33%"
"09/05/2022","122.70","122.70","122.70","122.70","0.00%"
"09/02/2022","122.70","122.70","122.70","122.67","-0.81%"
"09/01/2022","123.70","123.70","123.71","123.70","5.93%"
"08/31/2022","116.77","116.77","116.78","116.77","4.42%"
"08/30/2022","111.83","111.83","111.83","111.83","-3.44%"
"08/29/2022","115.82","115.82","115.82","115.82","10.38%"
"08/26/2022","104.93","104.93","104.93","104.93","-1.84%"
"08/25/2022","106.90","106.90","106.90","106.90","-6.06%"
"08/24/2022","113.80","113.80","113.82","113.80","-5.34%"
"08/23/2022","120.22","120.22","120.24","120.22","-0.42%"
"08/22/2022","120.73","120.73","120.74","120.73","10.87%"
"08/19/2022","108.89","108.89","108.90","108.89","0.92%"
"08/18/2022","107.90","107.90","107.90","107.89","2.82%"
"08/17/2022","104.94","104.94","104.95","104.94","4.94%"
"08/16/2022","100.00","100.00","100.00","100.00","2.02%"
"08/15/2022","98.02","98.02","98.02","98.02","-5.70%"
"08/12/2022","103.94","103.94","103.94","103.94","0.00%"
"08/11/2022","103.94","103.94","103.94","103.94","-9.44%"
"08/10/2022","114.78","114.78","114.78","114.72","-1.26%"
"08/09/2022","116.25","116.25","116.28","116.25","0.01%"
"08/08/2022","116.24","116.24","116.25","116.24","0.41%"
"08/05/2022","115.77","115.77","115.83","115.77","-4.08%"
"08/04/2022","120.69","120.69","120.69","120.67","-1.97%"
"08/03/2022","123.12","123.12","123.18","123.12","-1.95%"
"08/02/2022","125.57","125.57","126.56","125.57","6.66%"
"08/01/2022","117.73","117.73","117.74","117.73","1.72%"
"07/29/2022","115.74","115.74","115.76","115.74","-10.65%"
"07/28/2022","129.54","129.54","129.54","129.48","-3.63%"
"07/27/2022","134.42","134.42","134.42","134.42","0.73%"
"07/26/2022","133.44","133.44","133.44","133.40","-0.01%"
"07/25/2022","133.46","133.46","133.46","133.45","-2.86%"
"07/22/2022","137.39","137.39","137.39","137.28","-2.09%"
"07/21/2022","140.32","140.32","140.32","140.32","-4.04%"
"07/20/2022","146.23","146.23","146.23","146.17","-6.90%"
"07/19/2022","157.07","157.07","157.09","157.07","1.28%"
"07/18/2022","155.09","155.09","155.14","155.09","-3.65%"
"07/15/2022","160.96","160.96","160.96","160.96","2.42%"
"07/14/2022","157.16","157.16","157.18","157.16","1.33%"
"07/13/2022","155.10","155.10","155.10","155.10","3.30%"
"07/12/2022","150.15","150.15","150.15","150.10","4.03%"
"07/11/2022","144.33","144.33","144.33","144.29","0.02%"
"07/08/2022","144.30","144.30","144.42","144.30","-2.66%"
"07/07/2022","148.25","148.25","148.32","148.25","1.30%"
"07/06/2022","146.35","146.35","147.24","146.35","6.93%"
"07/05/2022","136.87","136.87","144.32","136.87","-1.44%"
"07/04/2022","138.87","138.87","139.47","138.87","-0.36%"
"07/01/2022","139.37","139.37","139.37","139.30","-0.05%"
"06/30/2022","139.44","139.44","139.44","139.34","6.83%"
"06/29/2022","130.52","130.52","130.55","130.52","3.39%"
"06/28/2022","126.24","126.24","126.24","125.66","-0.32%"
"06/27/2022","126.64","126.64","126.66","126.64","-4.46%"
"06/24/2022","132.55","132.55","132.55","131.58","2.28%"
"06/23/2022","129.59","129.59","132.48","129.59","0.02%"
"06/22/2022","129.56","129.56","129.56","129.50","-5.23%"
"06/21/2022","136.71","136.71","136.71","124.63","0.22%"
"06/20/2022","136.41","136.41","136.41","129.60","0.22%"
"06/17/2022","136.11","136.11","136.11","133.03","-0.29%"
"06/16/2022","136.51","136.51","136.54","136.51","5.37%"
"06/15/2022","129.55","129.55","129.55","129.49","-3.67%"
"06/14/2022","134.49","134.49","134.49","134.45","8.71%"
"06/13/2022","123.71","123.71","123.73","123.71","11.61%"
"06/10/2022","110.84","110.84","110.85","110.84","6.14%"
"06/09/2022","104.43","104.43","104.44","104.43","1.44%"
"06/08/2022","102.95","102.95","102.95","102.95","0.00%"
"06/07/2022","102.95","102.95","102.95","102.95","-0.95%"
"06/06/2022","103.94","103.94","103.94","102.95","-0.93%"
"06/03/2022","104.92","104.92","104.92","104.92","0.00%"
"06/02/2022","104.92","104.92","104.92","104.92","0.94%"
"06/01/2022","103.94","103.94","103.94","103.94","4.98%"
"05/31/2022","99.01","99.01","99.01","99.01","-0.99%"
"05/30/2022","100.00","100.00","100.00","100.00","-6.45%"
"05/27/2022","106.89","106.89","106.89","106.89","-1.82%"
"05/26/2022","108.87","108.87","108.87","108.86","-5.15%"
"05/25/2022","114.78","114.78","114.78","114.78","-4.11%"
"05/24/2022","119.70","119.70","119.70","119.69","-3.21%"
"05/23/2022","123.67","123.67","123.67","123.67","-2.32%"
"05/20/2022","126.61","126.61","126.61","126.60","-4.46%"
"05/19/2022","132.52","132.52","132.52","132.45","8.92%"
"05/18/2022","121.67","121.67","121.69","121.67","-3.16%"
"05/17/2022","125.64","125.64","125.67","125.64","-1.52%"
"05/16/2022","127.58","127.58","127.58","127.57","-0.46%"
"05/13/2022","128.17","128.17","129.60","128.17","0.47%"
"05/12/2022","127.57","127.57","131.49","127.57","0.00%"
"05/11/2022","127.57","127.57","127.66","127.57","-1.57%"
"05/10/2022","129.60","129.60","129.60","129.56","3.15%"
"05/09/2022","125.64","125.64","125.64","125.61","5.80%"
"05/06/2022","118.75","118.75","125.64","118.75","0.00%"
"05/05/2022","118.75","118.75","118.75","118.74","-3.21%"
"05/04/2022","122.69","122.69","122.70","122.69","-2.35%"
"05/03/2022","125.64","125.64","125.64","125.64","8.52%"
"05/02/2022","115.78","115.78","115.78","115.77","0.01%"
"04/29/2022","115.77","115.77","115.81","115.77","-1.26%"
"04/28/2022","117.25","117.25","117.26","117.25","-1.25%"
"04/27/2022","118.74","118.74","118.74","118.72","3.43%"
"04/26/2022","114.80","114.80","114.80","114.77","-0.85%"
"04/25/2022","115.78","115.78","115.78","115.75","11.38%"
"04/22/2022","103.95","103.95","103.95","103.95","0.00%"
"04/21/2022","103.95","103.95","103.95","103.95","-1.86%"
"04/20/2022","105.92","105.92","105.92","105.91","3.87%"
"04/19/2022","101.97","101.97","101.97","101.97","4.03%"
"04/18/2022","98.02","98.02","98.02","98.02","0.00%"
"04/15/2022","98.02","98.02","98.02","98.02","0.00%"
"04/14/2022","98.02","98.02","98.02","98.02","0.00%"
"04/13/2022","98.02","98.02","98.02","98.02","0.00%"
"04/12/2022","98.02","98.02","98.02","98.02","4.77%"
"04/11/2022","93.56","93.56","93.57","93.56","7.37%"
"04/08/2022","87.14","87.14","87.14","87.13","-0.03%"
"04/07/2022","87.17","87.17","87.17","87.17","1.20%"
"04/06/2022","86.14","86.14","86.15","86.14","2.93%"
"04/05/2022","83.69","83.69","83.69","83.67","-0.01%"
"04/04/2022","83.70","83.70","83.72","83.70","-2.96%"
"04/01/2022","86.25","86.25","86.25","86.25","3.49%"
"03/31/2022","83.34","83.34","83.35","83.34","2.38%"
"03/30/2022","81.40","81.40","81.40","81.38","-4.58%"
"03/29/2022","85.31","85.31","85.31","85.31","-11.20%"
"03/28/2022","96.07","96.07","96.08","96.07","-0.01%"
"03/25/2022","96.08","96.08","96.08","96.08","-2.00%"
"03/24/2022","98.04","98.04","98.04","98.04","0.00%"
"03/23/2022","98.04","98.04","98.04","98.04","-1.96%"
"03/22/2022","100.00","100.00","100.00","100.00","2.51%"
"03/21/2022","97.55","97.55","97.55","97.55","8.15%"
"03/18/2022","90.20","90.20","90.20","90.20","-4.16%"
"03/17/2022","94.12","94.12","94.12","94.12","-13.50%"
"03/16/2022","108.81","108.81","108.81","107.84","-4.75%"
"03/15/2022","114.24","114.24","114.24","114.23","0.87%"
"03/14/2022","113.25","113.25","113.25","113.25","1.34%"
"03/11/2022","111.75","111.75","111.76","111.75","3.17%"
"03/10/2022","108.32","108.32","108.33","108.32","-9.06%"
"03/09/2022","119.11","119.11","119.11","119.11","-5.82%"
"03/08/2022","126.47","126.47","126.48","126.47","2.40%"
"03/07/2022","123.50","123.50","123.53","123.50","8.60%"
"03/04/2022","113.72","113.72","113.72","113.71","2.65%"
"03/03/2022","110.78","110.78","110.78","110.78","-3.02%"
"03/02/2022","114.23","114.22","114.23","114.22","2.69%"
"03/01/2022","111.24","111.26","111.26","111.24","-3.83%"
"02/28/2022","115.67","115.67","115.67","115.67","8.22%"
"02/25/2022","106.88","106.87","106.88","106.87","0.03%"
"02/24/2022","106.85","106.86","106.86","106.85","8.46%"
"02/23/2022","98.52","98.52","98.52","98.52","-3.84%"
"02/22/2022","102.45","102.45","102.45","102.45","3.99%"
"02/21/2022","98.52","98.52","98.52","98.52","1.51%"
"02/18/2022","97.05","97.05","97.05","97.05","1.54%"
"02/17/2022","95.58","95.57","95.58","95.57","0.00%"
"02/16/2022","95.58","95.57","95.58","95.57","-2.50%"
"02/15/2022","98.03","98.03","98.03","98.03","-0.99%"
"02/14/2022","99.01","99.01","99.01","99.01","4.12%"
"02/11/2022","95.09","95.09","95.09","95.09","3.76%"
"02/10/2022","91.64","91.64","91.64","91.64","-2.10%"
"02/09/2022","93.61","93.61","93.61","93.61","-3.05%"
"02/08/2022","96.55","96.55","96.55","96.55","1.55%"
"02/07/2022","95.08","95.08","95.08","95.08","4.89%"
"02/04/2022","90.65","90.65","90.65","90.65","0.54%"
"02/03/2022","90.16","90.16","90.16","90.16","-0.01%"
"02/02/2022","90.17","90.17","90.17","90.17","0.00%"
"02/01/2022","90.17","90.16","90.17","90.16","0.01%"
"01/31/2022","90.16","90.16","90.16","90.16","0.56%"
"01/28/2022","89.66","89.66","89.66","89.66","0.01%"
"01/27/2022","89.65","89.65","89.65","89.65","2.81%"
"01/26/2022","87.20","87.20","87.20","87.20","-2.21%"
"01/25/2022","89.17","89.17","89.17","89.17","1.68%"
"01/24/2022","87.70","87.70","87.70","87.70","0.55%"
"01/21/2022","87.22","87.20","87.20","87.20","0.01%"
"01/20/2022","87.21","87.20","87.21","87.20","0.00%"
"01/19/2022","87.21","87.20","87.21","87.20","0.02%"
"01/18/2022","87.19","87.18","87.19","87.18","-0.01%"
"01/17/2022","87.20","87.20","87.20","87.20","3.50%"
"01/14/2022","84.25","84.25","84.25","84.25","4.89%"
"01/13/2022","80.32","80.32","80.32","80.32","2.50%"
"01/12/2022","78.36","78.35","78.36","78.35","-1.22%"
"01/11/2022","79.33","79.34","79.34","79.33","0.00%"
"01/10/2022","79.33","79.33","79.33","79.33","2.53%"
"01/07/2022","77.37","77.38","77.38","77.37","-1.23%"
"01/06/2022","78.33","78.34","78.34","78.33","6.66%"
"01/05/2022","73.44","73.44","73.44","73.44","0.01%"
"01/04/2022","73.43","73.45","73.45","73.43","-2.60%"
"01/03/2022","75.39","75.40","75.40","75.39","-0.03%"
"12/31/2021","75.41","75.41","75.41","75.41","-1.30%"
"12/30/2021","76.40","76.40","76.40","76.40","0.00%"
"12/29/2021","76.40","76.40","76.40","76.40","-1.27%"
"12/28/2021","77.38","77.38","77.38","77.38","-0.62%"
"12/27/2021","77.86","77.87","77.87","77.86","-0.01%"
"12/24/2021","77.87","77.87","77.87","77.87","0.01%"
"12/23/2021","77.86","77.87","77.87","77.86","-0.01%"
"12/22/2021","77.87","77.87","77.87","77.87","-1.23%"
"12/21/2021","78.84","78.85","78.85","78.84","2.51%"
"12/20/2021","76.91","76.91","76.91","76.91","0.01%"
"12/17/2021","76.90","76.89","76.90","76.89","0.01%"
"12/16/2021","76.89","76.90","76.90","76.89","-1.89%"
"12/15/2021","78.37","78.37","78.37","78.37","0.01%"
"12/14/2021","78.36","78.36","78.36","78.36","-1.26%"
"12/13/2021","79.36","79.35","79.36","79.35","-0.60%"
"12/10/2021","79.84","79.84","79.84","79.84","-0.62%"
"12/09/2021","80.34","80.34","80.34","80.34","-1.21%"
"12/08/2021","81.32","81.32","81.32","81.32","-5.69%"
"12/07/2021","86.23","86.23","86.23","86.23","-2.22%"
"12/06/2021","88.19","88.20","88.20","88.19","-0.01%"
"12/03/2021","88.20","88.20","88.20","88.20","-2.17%"
"12/02/2021","90.16","79.87","90.16","79.87","0.00%"
"12/01/2021","90.16","90.15","90.16","90.15","4.52%"
"11/30/2021","86.26","86.27","86.27","86.26","1.20%"
"11/29/2021","85.24","85.24","85.24","85.24","-2.86%"
"11/26/2021","87.75","80.35","87.75","80.35","9.91%"
"11/25/2021","79.84","79.87","79.87","79.84","-0.04%"
"11/24/2021","79.87","79.87","79.87","79.87","1.93%"
"11/23/2021","78.36","78.38","78.38","78.36","0.00%"
"11/22/2021","78.36","78.36","78.36","78.36","-0.06%"
"11/19/2021","78.41","78.39","78.41","78.39","-1.80%"
"11/18/2021","79.85","80.35","80.35","79.85","-1.81%"
"11/17/2021","81.32","81.32","81.32","81.32","-2.35%"
"11/16/2021","83.28","83.28","83.28","83.28","-0.60%"
"11/15/2021","83.78","83.78","83.78","83.78","-0.57%"
"11/12/2021","84.26","84.25","84.26","84.25","2.38%"
"11/11/2021","82.30","82.29","82.30","82.29","0.01%"
"11/10/2021","82.29","82.29","82.29","82.29","-3.48%"
"11/09/2021","85.26","85.26","85.26","85.26","2.39%"
"11/08/2021","83.27","79.83","83.27","79.83","0.00%"
"11/05/2021","83.27","83.27","83.27","83.27","2.40%"
"11/04/2021","81.32","81.31","81.32","81.31","-2.35%"
"11/03/2021","83.28","83.29","83.29","83.28","-1.17%"
"11/02/2021","84.27","84.28","84.28","84.27","2.42%"
"11/01/2021","82.28","82.29","82.29","82.28","1.22%"
"10/29/2021","81.29","81.31","81.31","81.29","1.84%"
"10/28/2021","79.82","79.81","79.82","79.81","-0.03%"
"10/27/2021","79.84","79.83","79.84","79.83","-2.40%"
"10/26/2021","81.80","81.81","81.81","81.80","-2.35%"
"10/25/2021","83.77","83.77","83.77","83.77","0.00%"
"10/22/2021","83.77","83.77","83.77","83.77","0.01%"
"10/21/2021","83.76","83.76","83.76","83.76","1.17%"
"10/20/2021","82.79","82.79","82.79","82.79","-1.76%"
"10/19/2021","84.27","84.27","84.27","84.27","-1.11%"
"10/18/2021","85.22","85.23","85.23","85.22","-1.72%"
"10/15/2021","86.71","86.72","86.72","86.71","-7.85%"
"10/14/2021","94.10","94.10","94.10","94.10","0.01%"
"10/13/2021","94.09","94.09","94.09","94.09","3.24%"
"10/12/2021","91.14","91.14","91.14","91.14","0.00%"
"10/11/2021","91.14","91.14","91.14","91.14","5.69%"
"10/08/2021","86.23","85.24","86.23","85.24","0.01%"
"10/07/2021","86.22","86.23","86.23","86.22","-2.77%"
"10/06/2021","88.68","88.68","88.68","88.68","2.26%"
"10/05/2021","86.72","86.72","86.72","86.72","5.37%"
"10/04/2021","82.30","82.30","82.30","82.30","0.00%"
"10/01/2021","82.30","82.30","82.30","82.30","0.01%"
"09/30/2021","82.29","82.30","82.30","82.29","-1.19%"
"09/29/2021","83.28","83.29","83.29","83.28","2.44%"
"09/28/2021","81.30","81.31","81.31","81.30","0.59%"
"09/27/2021","80.82","80.82","80.82","80.82","1.85%"
"09/24/2021","79.35","79.36","79.36","79.35","0.03%"
"09/23/2021","79.33","80.32","80.32","79.33","-3.61%"
"09/22/2021","82.30","82.30","82.30","82.30","0.00%"
"09/21/2021","82.30","82.29","82.30","82.29","-3.47%"
"09/20/2021","85.26","85.25","85.26","85.25","22.78%"
"09/17/2021","69.44","69.44","69.44","69.44","2.95%"
"09/16/2021","67.45","67.46","67.46","67.45","-0.01%"
"09/15/2021","67.46","67.47","67.47","67.46","-0.01%"
"09/14/2021","67.47","67.46","67.47","67.46","0.00%"
"09/13/2021","67.47","67.47","67.47","67.47","0.01%"
"09/10/2021","67.46","67.46","67.46","67.46","-0.74%"
"09/09/2021","67.96","67.97","67.97","67.96","0.73%"
"09/08/2021","67.47","67.48","67.48","67.47","0.76%"
"09/07/2021","66.96","66.97","66.97","66.96","-0.76%"
"09/06/2021","67.47","67.47","67.47","67.47","0.00%"
"09/03/2021","67.47","67.47","67.47","67.47","-0.01%"
"09/02/2021","67.48","67.47","67.48","67.47","0.00%"
"09/01/2021","67.48","67.46","67.48","67.46","-1.43%"
"08/31/2021","68.46","68.47","68.47","68.46","-2.82%"
"08/30/2021","70.45","72.43","72.43","70.45","-2.73%"
"08/27/2021","72.43","72.43","72.43","72.43","0.01%"
"08/26/2021","72.42","72.42","72.42","72.42","-1.35%"
"08/25/2021","73.41","73.41","73.41","73.41","-0.66%"
"08/24/2021","73.90","73.90","73.90","73.90","-0.66%"
"08/23/2021","74.39","74.39","74.39","74.39","-0.35%"
"08/20/2021","74.65","74.65","74.65","74.65","-0.01%"
"08/19/2021","74.66","74.65","74.66","74.65","0.03%"
"08/18/2021","74.64","74.64","74.64","74.64","-0.67%"
"08/17/2021","75.14","75.15","75.15","75.14","0.00%"
"08/16/2021","75.14","75.14","75.14","75.14","0.00%"
"08/13/2021","75.14","75.14","75.14","75.14","-1.60%"
"08/12/2021","76.36","76.37","76.37","76.36","-1.91%"
"08/11/2021","77.85","77.84","77.85","77.84","-0.63%"
"08/10/2021","78.34","78.34","78.34","78.34","-1.25%"
"08/09/2021","79.33","79.33","79.33","79.33","-0.59%"
"08/06/2021","79.80","80.06","80.06","79.80","-0.61%"
"08/05/2021","80.29","80.29","80.29","80.29","-0.02%"
"08/04/2021","80.31","80.30","80.31","80.30","-1.21%"
"08/03/2021","81.29","81.28","81.29","81.28","-0.01%"
"08/02/2021","81.30","81.29","81.30","81.29","0.00%"
"07/30/2021","81.30","81.29","81.30","81.29","0.02%"
"07/29/2021","81.28","81.28","81.28","81.28","-2.37%"
"07/28/2021","83.25","83.25","83.25","83.25","1.19%"
"07/27/2021","82.27","82.28","82.28","82.27","2.44%"
"07/26/2021","80.31","80.31","80.31","80.31","0.63%"
"07/23/2021","79.81","79.81","79.81","79.81","-0.01%"
"07/22/2021","79.82","79.81","79.82","79.81","-1.21%"
"07/21/2021","80.80","80.80","80.80","80.80","-0.01%"
"07/20/2021","80.81","80.80","80.81","80.80","3.13%"
"07/19/2021","78.36","78.35","78.36","78.35","0.04%"
"07/16/2021","78.33","78.33","78.33","78.33","0.62%"
"07/15/2021","77.85","77.86","77.86","77.85","-0.64%"
"07/14/2021","78.35","78.34","78.35","78.34","0.01%"
"07/13/2021","78.34","78.34","78.34","78.34","-0.01%"
"07/12/2021","78.35","78.35","78.35","78.35","-0.60%"
"07/09/2021","78.82","78.82","78.82","78.82","0.60%"
"07/08/2021","78.35","78.36","78.36","78.35","1.93%"
"07/07/2021","76.87","76.87","76.87","76.87","2.63%"
"07/06/2021","74.90","74.90","74.90","74.90","0.00%"
"07/05/2021","74.90","74.90","74.90","74.90","0.64%"
"07/02/2021","74.42","74.41","74.42","74.41","0.01%"
"07/01/2021","74.41","74.40","74.41","74.40","0.00%"
"06/30/2021","74.41","74.41","74.41","74.41","0.01%"
"06/29/2021","74.40","74.41","74.41","74.40","-0.03%"
"06/28/2021","74.42","74.41","74.42","74.41","0.00%"
"06/25/2021","74.42","74.41","74.42","74.41","-0.65%"
"06/24/2021","74.91","74.90","74.91","74.90","-0.64%"
"06/23/2021","75.39","75.39","75.39","75.39","-0.01%"
"06/22/2021","75.40","75.39","75.40","75.39","-1.27%"
"06/21/2021","76.37","76.38","76.38","76.37","2.30%"
"06/18/2021","74.65","74.67","74.67","74.65","-0.01%"
"06/17/2021","74.66","74.63","74.66","74.63","1.72%"
"06/16/2021","73.40","73.40","77.36","73.40","0.00%"
"06/15/2021","73.40","75.88","75.88","73.40","0.00%"
"06/14/2021","73.40","73.40","73.40","73.40","0.00%"
"06/11/2021","73.40","73.41","73.41","73.40","-2.61%"
"06/10/2021","75.37","75.38","75.38","75.37","-0.67%"
"06/09/2021","75.88","75.88","75.88","75.88","-0.01%"
"06/08/2021","75.89","75.88","75.89","75.88","0.03%"
"06/07/2021","75.87","75.87","75.87","75.87","-0.01%"
"06/04/2021","75.88","75.87","75.88","75.87","0.01%"
"06/03/2021","75.87","75.87","75.87","75.87","-0.01%"
"06/02/2021","75.88","75.87","75.88","75.87","-0.62%"
"06/01/2021","76.35","76.36","76.36","76.35","-0.01%"
"05/31/2021","76.36","76.36","76.36","76.36","0.00%"
"05/28/2021","76.36","76.37","76.37","76.36","-1.28%"
"05/27/2021","77.35","77.36","77.36","77.35","-0.01%"
"05/26/2021","77.36","77.36","77.36","77.36","-0.64%"
"05/25/2021","77.86","77.86","77.86","77.86","-0.63%"
"05/24/2021","78.35","78.35","78.35","78.35","-1.25%"
"05/21/2021","79.34","77.37","79.34","77.37","1.26%"
"05/20/2021","78.35","78.36","78.36","78.35","1.28%"
"05/19/2021","77.36","77.36","77.36","77.36","-0.01%"
"05/18/2021","77.37","77.37","77.37","77.37","-1.25%"
"05/17/2021","78.35","78.36","78.36","78.35","-1.87%"
"05/14/2021","79.84","79.84","79.84","79.84","-1.81%"
"05/13/2021","81.31","81.31","81.31","81.31","6.44%"
"05/12/2021","76.39","76.39","76.39","76.39","0.65%"
"05/11/2021","75.90","75.90","75.90","75.90","0.00%"
"05/10/2021","75.90","78.11","78.11","75.90","-1.94%"
"05/07/2021","77.40","77.37","77.40","77.37","-0.92%"
"05/06/2021","78.12","78.11","78.12","78.11","-0.31%"
"05/05/2021","78.36","78.36","78.36","78.36","0.00%"
"05/04/2021","78.36","78.36","78.36","78.36","0.63%"
"05/03/2021","77.87","77.87","77.87","77.87","0.00%"
"04/30/2021","77.87","77.87","77.87","77.87","0.01%"
"04/29/2021","77.86","77.86","77.86","77.86","-1.88%"
"04/28/2021","79.35","79.35","79.35","79.35","0.62%"
"04/27/2021","78.86","78.86","78.86","78.86","-1.23%"
"04/26/2021","79.84","79.83","79.84","79.83","-0.61%"
"04/23/2021","80.33","80.33","80.33","80.33","0.01%"
"04/22/2021","80.32","80.33","80.33","80.32","-0.62%"
"04/21/2021","80.82","80.82","80.82","80.82","0.60%"
"04/20/2021","80.34","80.33","80.34","80.33","1.88%"
"04/19/2021","78.86","78.87","78.87","78.86","-3.59%"
"04/16/2021","81.80","82.29","82.29","81.80","-3.49%"
"04/15/2021","84.76","84.76","84.76","84.76","-0.57%"
"04/14/2021","85.25","85.25","85.25","85.25","0.00%"
"04/13/2021","85.25","85.25","85.25","85.25","1.16%"
"04/12/2021","84.27","84.27","84.27","84.27","-1.15%"
"04/09/2021","85.25","85.25","85.25","85.25","-0.01%"
"04/08/2021","85.26","85.26","85.26","85.26","1.16%"
"04/07/2021","84.28","84.28","84.28","84.28","-3.92%"
"04/06/2021","87.72","87.72","87.72","87.72","0.01%"
"04/05/2021","87.71","87.72","87.72","87.71","0.00%"
"04/02/2021","87.71","87.71","87.71","87.71","0.00%"
"04/01/2021","87.71","87.71","87.71","87.71","-1.65%"
"03/31/2021","89.18","89.18","89.18","89.18","1.12%"
"03/30/2021","88.19","88.19","88.19","88.19","2.26%"
"03/29/2021","86.24","86.24","86.24","86.24","0.01%"
"03/26/2021","86.23","86.23","86.23","86.23","-0.58%"
"03/25/2021","86.73","86.73","86.73","86.73","0.00%"
"03/24/2021","86.73","86.73","86.73","86.73","2.91%"
"03/23/2021","84.28","84.27","84.28","84.27","-2.27%"
"03/22/2021","86.24","86.24","86.24","86.24","12.94%"
"03/19/2021","76.36","76.36","76.36","76.36","0.03%"
"03/18/2021","76.34","76.34","76.34","76.34","-2.52%"
"03/17/2021","78.31","78.31","78.31","78.31","0.62%"
"03/16/2021","77.83","77.83","77.83","77.83","-3.06%"
"03/15/2021","80.29","80.29","80.29","80.29","0.01%"
"03/12/2021","80.28","80.27","80.28","80.27","-0.02%"
"03/11/2021","80.30","80.30","80.30","80.30","-6.84%"
"03/10/2021","86.20","86.20","86.20","86.20","-1.14%"
"03/09/2021","87.19","87.19","87.19","87.19","7.30%"
"03/08/2021","81.26","81.26","81.26","81.26","3.12%"
"03/05/2021","78.80","78.80","78.80","78.80","4.58%"
"03/04/2021","75.35","75.35","75.35","75.35","2.36%"
"03/03/2021","73.61","73.62","73.62","73.61","-0.35%"
"03/02/2021","73.87","73.87","73.87","73.87","-1.95%"
"03/01/2021","75.34","75.35","75.35","75.34","-1.95%"
"02/26/2021","76.84","76.85","76.85","76.84","9.15%"
"02/25/2021","70.40","70.40","70.40","70.40","-0.01%"
"02/24/2021","70.41","70.42","70.42","70.41","-1.39%"
"02/23/2021","71.40","70.91","71.40","70.91","3.60%"
"02/22/2021","68.92","68.92","68.92","68.92","1.07%"
"02/19/2021","68.19","68.19","68.19","68.19","-0.01%"
"02/18/2021","68.20","68.20","68.20","68.20","0.35%"
"02/17/2021","67.96","67.96","67.96","67.96","1.49%"
"02/16/2021","66.96","66.96","66.96","66.96","-2.18%"
"02/15/2021","68.45","68.45","68.45","68.45","0.00%"
"02/12/2021","68.45","68.45","68.45","68.45","-0.01%"
"02/11/2021","68.46","68.46","68.46","68.46","0.74%"
"02/10/2021","67.96","67.97","67.97","67.96","-0.01%"
"02/09/2021","67.97","67.97","67.97","67.97","-0.70%"
"02/08/2021","68.45","68.45","68.45","68.45","-2.12%"
"02/05/2021","69.93","69.94","69.94","69.93","-0.71%"
"02/04/2021","70.43","70.43","70.43","70.43","-1.37%"
"02/03/2021","71.41","74.37","74.37","71.41","-3.97%"
"02/02/2021","74.36","74.37","74.37","74.36","-2.59%"
"02/01/2021","76.34","76.34","76.34","76.34","-0.01%"
"01/29/2021","76.35","76.35","76.35","76.35","-1.28%"
"01/28/2021","77.34","74.63","77.34","74.63","3.29%"
"01/27/2021","74.88","74.38","74.88","74.38","0.67%"
"01/26/2021","74.38","74.38","74.38","74.38","1.34%"
"01/25/2021","73.40","73.39","73.40","73.39","0.00%"
"01/22/2021","73.40","73.40","73.40","73.40","1.37%"
"01/21/2021","72.41","72.41","72.41","72.41","-2.65%"
"01/20/2021","74.38","74.63","74.63","74.38","-0.65%"
"01/19/2021","74.87","74.87","74.87","74.87","-0.66%"
"01/18/2021","75.37","75.37","75.37","75.37","2.67%"
"01/15/2021","73.41","73.41","73.41","73.41","1.38%"
"01/14/2021","72.41","72.40","72.41","72.40","-1.35%"
"01/13/2021","73.40","73.40","73.40","73.40","1.38%"
"01/12/2021","72.40","72.40","72.40","72.40","4.23%"
"01/11/2021","69.46","69.46","69.46","69.46","2.18%"
"01/08/2021","67.98","67.97","67.98","67.97","0.00%"
"01/07/2021","67.98","67.97","67.98","67.97","-1.41%"
"01/06/2021","68.95","68.95","68.95","68.95","0.70%"
"01/05/2021","68.47","68.47","68.47","68.47","1.44%"
"01/04/2021","67.50","67.50","67.50","67.50","0.01%"
"01/01/2021","67.49","67.49","67.49","67.49","0.00%"
"12/31/2020","67.49","67.49","67.49","67.49","0.00%"
"12/30/2020","67.49","67.49","67.49","67.49","0.01%"
"12/29/2020","67.48","67.48","67.48","67.48","-1.43%"
"12/28/2020","68.46","68.47","68.47","68.46","-0.01%"
"12/25/2020","68.47","68.47","68.47","68.47","-0.01%"
"12/24/2020","68.48","68.47","68.48","68.47","0.01%"
"12/23/2020","68.47","68.47","68.47","68.47","0.00%"
"12/22/2020","68.47","68.48","68.48","68.47","-0.01%"
"12/21/2020","68.48","68.48","68.48","68.48","0.00%"
"12/18/2020","68.48","68.48","68.48","68.48","-0.71%"
"12/17/2020","68.97","68.97","68.97","68.97","-2.09%"
"12/16/2020","70.44","70.44","70.44","70.44","0.00%"
"12/15/2020","70.44","70.44","70.44","70.44","0.00%"
"12/14/2020","70.44","69.97","70.44","69.97","-0.03%"
"12/11/2020","70.46","70.45","70.46","70.45","0.00%"
"12/10/2020","70.46","71.95","71.95","70.46","0.71%"
"12/09/2020","69.96","69.97","69.97","69.96","-0.72%"
"12/08/2020","70.47","70.47","70.47","70.47","0.00%"
"12/07/2020","70.47","71.95","71.95","70.47","0.01%"
"12/04/2020","70.46","70.46","70.46","70.46","-0.01%"
"12/03/2020","70.47","70.47","70.47","70.47","-0.75%"
"12/02/2020","71.00","71.45","71.45","71.00","-1.10%"
"12/01/2020","71.79","71.95","71.95","71.79","-1.71%"
"11/30/2020","73.04","72.96","73.04","72.96","0.05%"
"11/27/2020","73.00","72.97","73.00","72.97","0.01%"
"11/26/2020","72.99","72.97","72.99","72.97","0.23%"
"11/25/2020","72.82","72.97","72.97","72.82","-2.45%"
"11/24/2020","74.65","75.92","75.92","74.65","-4.41%"
"11/23/2020","78.09","78.37","78.37","78.09","-1.46%"
"11/20/2020","79.25","79.36","79.36","79.25","2.71%"
"11/19/2020","77.16","76.91","77.16","76.91","0.57%"
"11/18/2020","76.72","76.91","76.91","76.72","0.71%"
"11/17/2020","76.18","76.42","76.42","76.18","-0.24%"
"11/16/2020","76.36","76.42","76.42","76.36","-1.10%"
"11/13/2020","77.21","74.15","77.21","74.15","4.13%"
"11/12/2020","74.15","74.15","74.15","74.15","-0.96%"
"11/10/2020","74.87","76.43","76.43","74.87","-7.73%"
"11/09/2020","81.14","81.85","81.85","81.14","-4.47%"
"11/06/2020","84.94","85.28","85.28","84.94","-2.89%"
"11/05/2020","87.47","88.23","88.23","87.47","-6.75%"
"11/04/2020","93.80","94.12","94.12","93.80","-2.03%"
"11/03/2020","95.74","96.08","96.08","95.74","-2.76%"
"11/02/2020","98.45","98.01","99.51","98.01","-0.80%"
"10/30/2020","99.25","98.01","99.51","98.01","1.27%"
"10/29/2020","98.01","98.04","98.04","98.01","1.77%"
"10/28/2020","96.31","96.08","96.31","96.08","0.45%"
"10/27/2020","95.88","96.08","96.08","95.88","0.91%"
"10/26/2020","95.02","95.10","95.10","95.02","0.40%"
"10/23/2020","94.64","95.10","95.10","94.64","-0.56%"
"10/22/2020","95.17","95.10","95.17","95.10","0.56%"
"10/21/2020","94.64","94.12","94.64","94.12","-0.71%"
"10/20/2020","95.32","95.10","95.32","95.10","0.71%"
"10/19/2020","94.65","95.10","95.10","94.65","-1.54%"
"10/16/2020","96.13","96.08","96.13","96.08","-1.03%"
"10/15/2020","97.13","96.08","97.13","96.08","3.20%"
"10/14/2020","94.12","96.08","96.08","94.12","1.30%"
"10/13/2020","92.91","93.14","93.14","92.91","-0.49%"
"10/12/2020","93.37","94.12","94.12","93.37","-2.15%"
"10/09/2020","95.42","96.08","96.08","95.42","-3.64%"
"10/08/2020","99.02","110.76","110.76","99.02","-4.79%"
"10/07/2020","104.00","104.89","104.89","104.00","-0.61%"
"10/06/2020","104.64","104.89","104.89","104.64","-5.21%"
"10/05/2020","110.39","110.76","110.76","110.39","-3.36%"
"10/02/2020","114.23","115.65","115.65","114.23","1.08%"
"10/01/2020","113.01","115.65","115.65","113.01","-2.34%"
"09/30/2020","115.72","115.65","115.72","115.65","-0.78%"
"09/29/2020","116.63","117.62","117.62","116.63","-0.42%"
"09/28/2020","117.12","117.62","117.62","117.12","-1.24%"
"09/25/2020","118.59","117.62","118.59","117.62","0.19%"
"09/24/2020","118.36","117.62","118.36","117.62","7.59%"
"09/23/2020","110.01","92.13","110.01","92.13","-0.04%"
"09/22/2020","110.05","109.79","110.05","109.79","2.72%"
"09/21/2020","107.14","91.15","107.14","91.15","15.83%"
"09/18/2020","92.50","91.15","92.50","91.15","-0.03%"
"09/17/2020","92.53","92.13","92.53","92.13","1.65%"
"09/16/2020","91.03","91.15","91.15","91.03","-0.37%"
"09/15/2020","91.37","91.15","91.37","91.15","0.15%"
"09/14/2020","91.23","91.15","91.23","91.15","-1.65%"
"09/11/2020","92.76","93.12","93.12","92.76","0.11%"
"09/10/2020","92.66","87.22","92.66","87.22","2.33%"
"09/09/2020","90.55","90.17","90.55","90.17","2.43%"
"09/08/2020","88.40","87.22","88.40","87.22","0.27%"
"09/07/2020","88.16","87.22","88.16","87.22","1.05%"
"09/04/2020","87.24","96.07","96.07","87.24","1.36%"
"09/03/2020","86.07","103.92","103.92","86.07","-1.32%"
"09/02/2020","87.22","96.07","96.07","87.22","-6.62%"
"09/01/2020","93.40","96.07","96.07","93.40","-1.65%"
"08/31/2020","94.97","96.07","96.07","94.97","-2.92%"
"08/28/2020","97.83","99.01","99.01","97.83","-0.29%"
"08/27/2020","98.11","99.01","99.01","98.11","0.17%"
"08/26/2020","97.94","99.01","99.01","97.94","-0.17%"
"08/25/2020","98.11","99.01","99.01","98.11","-1.98%"
"08/24/2020","100.09","100.98","100.98","100.09","-2.86%"
"08/21/2020","103.04","103.92","103.92","103.04","-0.68%"
"08/20/2020","103.75","103.92","103.92","103.75","0.62%"
"08/19/2020","103.11","103.91","103.91","103.11","-0.55%"
"08/18/2020","103.68","103.92","103.92","103.68","-1.03%"
"08/17/2020","104.76","104.89","104.89","104.76","-0.27%"
"08/14/2020","105.04","104.89","105.04","104.89","0.90%"
"08/13/2020","104.10","104.89","104.89","104.10","-1.92%"
"08/12/2020","106.14","106.85","106.85","106.14","0.34%"
"08/11/2020","105.78","106.85","106.85","105.78","-3.73%"
"08/10/2020","109.88","110.76","110.76","109.88","-0.34%"
"08/07/2020","110.26","110.77","110.77","110.26","0.17%"
"08/06/2020","110.07","112.72","112.72","110.07","-1.51%"
"08/05/2020","111.76","112.72","112.72","111.76","-1.52%"
"08/04/2020","113.48","113.70","113.70","113.48","-1.35%"
"08/03/2020","115.03","116.49","116.49","115.03","-1.25%"
"07/31/2020","116.49","116.49","116.49","116.49","-0.86%"
"07/30/2020","117.50","117.60","117.60","117.50","0.05%"
"07/29/2020","117.44","117.60","117.60","117.44","0.95%"
"07/28/2020","116.33","115.64","116.33","115.64","-0.30%"
"07/27/2020","116.68","115.64","116.68","115.64","0.00%"
"07/24/2020","116.68","115.64","116.68","115.64","1.97%"
"07/23/2020","114.43","115.64","115.64","114.43","-3.12%"
"07/22/2020","118.12","118.57","118.57","118.12","-2.68%"
"07/21/2020","121.37","122.49","122.49","121.37","-3.32%"
"07/20/2020","125.54","125.41","125.54","125.41","-0.50%"
"07/17/2020","126.17","125.41","126.17","125.41","0.31%"
"07/16/2020","125.78","124.43","125.78","124.43","1.00%"
"07/15/2020","124.54","124.43","124.54","124.43","-1.38%"
"07/14/2020","126.28","125.41","126.28","125.41","2.51%"
"07/13/2020","123.19","122.47","123.19","122.47","-0.44%"
"07/10/2020","123.73","115.57","123.73","115.57","2.21%"
"07/09/2020","121.06","138.06","138.06","121.06","-0.12%"
"07/08/2020","121.20","120.52","121.20","120.52","1.75%"
"07/07/2020","119.12","118.56","119.12","118.56","-0.11%"
"07/06/2020","119.25","138.06","138.06","119.25","-2.89%"
"07/03/2020","122.80","124.41","124.41","122.80","-1.17%"
"07/02/2020","124.26","125.40","125.40","124.26","-5.09%"
"07/01/2020","130.93","133.21","133.21","130.93","-1.51%"
"06/30/2020","132.94","133.20","133.20","132.94","-0.55%"
"06/29/2020","133.68","129.42","133.68","129.42","3.29%"
"06/26/2020","129.42","129.42","129.42","129.42","0.26%"
"06/25/2020","129.09","124.41","129.09","124.41","3.22%"
"06/24/2020","125.06","124.41","125.06","124.41","0.70%"
"06/23/2020","124.19","124.40","124.40","124.19","-0.43%"
"06/22/2020","124.73","124.41","124.73","124.41","0.84%"
"06/19/2020","123.69","124.41","124.41","123.69","-2.07%"
"06/18/2020","126.31","124.40","126.31","124.40","4.89%"
"06/17/2020","120.42","123.03","123.03","120.42","-2.12%"
"06/16/2020","123.03","112.66","123.03","112.66","-10.99%"
"06/15/2020","138.22","138.06","138.22","138.06","3.83%"
"06/12/2020","133.12","134.17","134.17","133.12","6.09%"
"06/11/2020","125.48","124.39","125.48","124.39","7.68%"
"06/10/2020","116.53","115.57","116.53","115.57","2.45%"
"06/09/2020","113.74","112.65","113.74","112.65","2.05%"
"06/08/2020","111.46","112.66","112.66","111.46","-10.65%"
"06/05/2020","124.74","138.99","139.79","124.74","-4.06%"
"06/04/2020","130.02","130.07","130.07","130.07","-6.45%"
"06/03/2020","138.99","139.79","139.79","138.99","-8.26%"
"06/02/2020","151.50","151.43","151.50","151.43","-2.25%"
"06/01/2020","154.98","154.81","154.98","154.81","-3.98%"
"05/29/2020","161.40","158.20","161.40","158.20","1.75%"
"05/28/2020","158.63","158.20","158.63","158.20","-1.55%"
"05/27/2020","161.12","162.91","162.91","161.12","-5.70%"
"05/26/2020","170.85","171.63","171.63","170.85","-2.20%"
"05/25/2020","174.70","175.46","175.46","174.70","-0.72%"
"05/22/2020","175.97","175.44","175.97","175.44","1.96%"
"05/21/2020","172.59","173.52","173.52","172.59","-4.59%"
"05/20/2020","180.90","181.27","181.27","180.90","-2.68%"
"05/19/2020","185.88","185.98","185.98","185.88","-5.86%"
"05/18/2020","197.45","198.54","198.54","197.45","-1.72%"
"05/15/2020","200.91","200.45","200.91","200.45","-0.28%"
"05/14/2020","201.48","201.40","201.48","201.40","2.14%"
"05/13/2020","197.25","211.06","211.06","197.25","-0.63%"
"05/12/2020","198.50","211.06","211.06","198.50","-2.01%"
"05/11/2020","202.57","205.21","205.21","202.57","-1.18%"
"05/08/2020","204.99","205.21","205.21","204.99","-2.77%"
"05/07/2020","210.83","211.06","211.06","210.83","0.74%"
"05/06/2020","209.29","209.13","209.29","209.13","-2.66%"
"05/05/2020","215.01","206.07","215.01","206.07","-2.51%"
"05/04/2020","220.55","206.07","220.55","206.07","4.76%"
"05/01/2020","210.52","211.04","211.04","210.52","0.50%"
"04/30/2020","209.47","211.04","211.04","209.47","-4.54%"
"04/29/2020","219.44","223.49","223.49","219.44","-1.30%"
"04/28/2020","222.33","223.49","223.49","222.33","2.12%"
"04/27/2020","217.71","215.80","217.71","215.80","0.01%"
"04/24/2020","217.69","215.74","217.69","215.74","-0.21%"
"04/23/2020","218.14","215.78","218.14","215.78","-2.21%"
"04/22/2020","223.08","206.07","223.08","206.07","7.19%"
"04/21/2020","208.11","206.07","208.11","197.20","5.53%"
"04/20/2020","197.20","191.63","197.20","191.63","1.62%"
"04/17/2020","194.05","196.50","196.50","194.05","-1.90%"
"04/16/2020","197.80","196.50","197.80","196.50","2.78%"
"04/15/2020","192.45","220.50","220.50","192.45","5.40%"
"04/14/2020","182.59","213.70","213.70","182.59","-9.38%"
"04/13/2020","201.50","213.80","213.80","201.50","-1.03%"
"04/10/2020","203.60","186.78","203.60","186.78","-4.94%"
"04/09/2020","214.17","213.70","214.17","213.70","-6.78%"
"04/08/2020","229.74","230.18","230.18","229.74","1.06%"
"04/07/2020","227.33","230.29","230.29","227.33","-6.82%"
"04/06/2020","243.96","244.74","244.74","243.96","-1.98%"
"04/03/2020","248.89","246.88","248.89","246.88","0.81%"
"04/02/2020","246.88","186.78","246.88","186.78","7.52%"
"04/01/2020","229.62","220.50","229.62","220.50","11.21%"
"03/31/2020","206.48","186.78","206.48","186.78","-6.88%"
"03/30/2020","221.73","186.78","221.73","186.78","14.25%"
"03/27/2020","194.08","186.78","194.08","186.78","-0.66%"
"03/26/2020","195.36","215.70","215.70","195.36","-8.70%"
"03/25/2020","213.98","215.70","215.70","213.98","-16.94%"
"03/24/2020","257.61","259.28","259.28","257.61","-8.41%"
"03/23/2020","281.26","244.41","281.26","244.41","16.80%"
"03/20/2020","240.81","244.41","244.41","240.81","-7.88%"
"03/19/2020","261.41","255.03","261.41","255.03","18.44%"
"03/18/2020","220.71","216.67","220.71","216.67","9.33%"
"03/17/2020","201.87","197.28","201.87","197.28","0.63%"
"03/16/2020","200.61","196.98","200.61","196.98","11.10%"
"03/13/2020","180.56","180.56","180.56","180.56","-9.04%"
"03/12/2020","198.51","187.47","198.51","187.47","39.08%"
"03/11/2020","142.73","142.73","142.73","142.73","40.34%"
"03/06/2020","101.70","100.00","101.70","100.00","20.10%"
"03/05/2020","84.68","84.28","84.68","84.28","-5.33%"
"03/04/2020","89.45","90.19","90.19","89.45","0.98%"
"03/03/2020","88.58","88.20","88.58","88.20","-4.27%"
"03/02/2020","92.53","90.18","92.53","90.18","-0.55%"
"02/28/2020","93.04","92.15","93.04","92.15","27.05%"
"02/27/2020","73.23","72.92","73.23","72.92","9.15%"
"02/26/2020","67.09","65.46","67.09","65.46","6.56%"
"02/25/2020","62.96","62.52","62.96","62.52","0.14%"
"02/24/2020","62.87","62.61","62.87","62.61","4.09%"
"02/21/2020","60.40","60.58","60.58","60.40","2.27%"
"02/20/2020","59.06","59.09","59.09","59.06","-0.72%"
"02/19/2020","59.49","59.57","59.57","59.49","-1.78%"
"02/18/2020","60.57","60.60","60.60","60.57","0.03%"
"02/17/2020","60.55","60.56","60.56","60.55","-0.77%"
"02/14/2020","61.02","61.58","61.58","61.02","-1.37%"
"02/13/2020","61.87","61.58","61.87","61.58","0.47%"
"02/12/2020","61.58","61.52","61.58","61.52","-2.66%"
"02/11/2020","63.26","63.50","63.50","63.26","-2.03%"
"02/10/2020","64.57","64.53","64.57","64.53","1.03%"
"02/07/2020","63.91","63.91","63.91","63.91","2.06%"
"02/06/2020","62.62","62.53","62.62","62.53","0.71%"
"02/05/2020","62.18","62.03","62.18","62.03","-3.55%"
"02/04/2020","64.47","64.49","64.49","64.47","-3.40%"
"02/03/2020","66.74","66.97","66.97","66.74","1.34%"
"01/31/2020","65.86","65.52","65.86","65.52","-1.66%"
"01/30/2020","66.97","67.02","67.02","66.97","3.33%"
"01/29/2020","64.81","64.55","64.81","64.55","-4.76%"
"01/28/2020","68.05","67.49","68.05","67.49","6.39%"
"01/27/2020","63.96","63.59","63.96","63.59","0.46%"
"01/24/2020","63.67","63.54","63.67","63.54","0.20%"
"01/23/2020","63.54","63.58","63.58","63.54","1.29%"
"01/22/2020","62.73","62.56","62.73","62.56","0.95%"
"01/21/2020","62.14","62.11","62.14","62.11","3.15%"
"01/20/2020","60.24","60.12","60.24","60.12","0.18%"
"01/17/2020","60.13","60.12","60.13","60.12","-0.69%"
"01/16/2020","60.55","60.61","60.61","60.55","-1.62%"
"01/15/2020","61.55","61.61","61.61","61.55","-0.11%"
"01/14/2020","61.62","61.61","61.62","61.61","-1.31%"
"01/13/2020","62.44","62.58","62.58","62.44","-0.56%"
"01/10/2020","62.79","62.59","62.79","62.59","-1.21%"
"01/09/2020","63.56","63.58","63.58","63.56","-2.83%"
"01/08/2020","65.41","65.57","65.57","65.41","2.12%"
"01/07/2020","64.05","64.08","64.08","64.05","-1.52%"
"01/06/2020","65.04","64.59","65.04","64.59","1.25%"
"01/03/2020","64.24","63.64","64.24","63.64","2.11%"
"01/02/2020","62.91","63.60","63.60","62.91","-0.71%"
"01/01/2020","63.36","63.60","63.60","63.36","0.03%"